id,source_account,destination_account,amount_minor,currency_src,currency_dst,timestamp,description
TX-000001,ACC_000791,ACC_000148,3736007,IDR,IDR,2025-09-16T10:28:31.427875+00:00Z,poc-tx
TX-000002,ACC_000674,ACC_000236,162972,USD,USD,2025-09-14T20:40:57.427917+00:00Z,poc-tx
TX-000003,ACC_000538,ACC_000514,3987292,IDR,SGD,2025-09-14T08:09:47.427939+00:00Z,poc-tx
TX-000004,ACC_000692,ACC_000755,336566,IDR,IDR,2025-09-12T06:18:59.427962+00:00Z,poc-tx
TX-000005,ACC_000143,ACC_000063,152182,USD,USD,2025-09-16T03:59:39.427973+00:00Z,poc-tx
TX-000006,ACC_000773,ACC_000857,16475,SGD,SGD,2025-09-16T05:50:06.427995+00:00Z,poc-tx
TX-000007,ACC_000829,ACC_000823,87544,SGD,SGD,2025-09-10T12:30:04.428020+00:00Z,poc-tx
TX-000008,ACC_000486,ACC_000704,50652,SGD,SGD,2025-09-14T20:14:44.428036+00:00Z,poc-tx
TX-000009,ACC_000249,ACC_000563,99721,SGD,SGD,2025-09-10T15:47:58.428049+00:00Z,poc-tx
TX-000010,ACC_000482,ACC_000211,21893,SGD,IDR,2025-09-11T04:03:55.428066+00:00Z,poc-tx
TX-000011,ACC_000560,ACC_000343,32174,USD,SGD,2025-09-14T11:34:18.428085+00:00Z,poc-tx
TX-000012,ACC_000528,ACC_000737,2994,SGD,SGD,2025-09-13T07:08:01.428102+00:00Z,poc-tx
TX-000013,ACC_000722,ACC_000713,3030037,IDR,IDR,2025-09-11T05:00:27.428123+00:00Z,poc-tx
TX-000014,ACC_000990,ACC_000760,4172733,IDR,IDR,2025-09-13T23:08:19.428151+00:00Z,poc-tx
TX-000015,ACC_000568,ACC_000931,142910,SGD,SGD,2025-09-10T00:59:31.428169+00:00Z,poc-tx
TX-000016,ACC_000447,ACC_000618,104548,USD,IDR,2025-09-09T13:52:12.428186+00:00Z,poc-tx
TX-000017,ACC_000901,ACC_000552,2399003,IDR,IDR,2025-09-12T15:55:41.428210+00:00Z,poc-tx
TX-000018,ACC_000338,ACC_000719,67474,SGD,SGD,2025-09-12T15:39:20.428223+00:00Z,poc-tx
TX-000019,ACC_000654,ACC_000204,2052,USD,USD,2025-09-16T05:50:49.428243+00:00Z,poc-tx
TX-000020,ACC_000258,ACC_000952,6870,USD,USD,2025-09-14T02:28:39.428255+00:00Z,poc-tx
TX-000021,ACC_000225,ACC_000867,24104,SGD,SGD,2025-09-11T22:42:52.428267+00:00Z,poc-tx
TX-000022,ACC_000294,ACC_000961,58877,SGD,SGD,2025-09-15T00:12:20.428279+00:00Z,poc-tx
TX-000023,ACC_000503,ACC_000483,1257625,IDR,IDR,2025-09-09T20:08:45.428296+00:00Z,poc-tx
TX-000024,ACC_000609,ACC_000239,10747,SGD,SGD,2025-09-13T19:38:29.428315+00:00Z,poc-tx
TX-000025,ACC_000974,ACC_000714,4841783,IDR,IDR,2025-09-13T09:40:43.428342+00:00Z,poc-tx
TX-000026,ACC_000596,ACC_000022,3574042,IDR,SGD,2025-09-11T01:40:09.428361+00:00Z,poc-tx
TX-000027,ACC_000078,ACC_000434,89626,SGD,SGD,2025-09-14T17:51:26.428369+00:00Z,poc-tx
TX-000028,ACC_000605,ACC_000667,90161,SGD,SGD,2025-09-15T14:55:11.428389+00:00Z,poc-tx
TX-000029,ACC_000040,ACC_000936,1775897,IDR,IDR,2025-09-12T06:11:31.428396+00:00Z,poc-tx
TX-000030,ACC_000279,ACC_000012,97029,USD,USD,2025-09-13T09:18:51.428409+00:00Z,poc-tx
TX-000031,ACC_000294,ACC_000529,3524,SGD,SGD,2025-09-13T20:38:37.428421+00:00Z,poc-tx
TX-000032,ACC_000918,ACC_000569,4489646,IDR,IDR,2025-09-15T08:28:36.428446+00:00Z,poc-tx
TX-000033,ACC_000496,ACC_000836,43702,SGD,SGD,2025-09-16T06:23:12.428467+00:00Z,poc-tx
TX-000034,ACC_000816,ACC_000856,1256407,IDR,USD,2025-09-10T03:41:41.428491+00:00Z,poc-tx
TX-000035,ACC_000379,ACC_000208,2443351,IDR,IDR,2025-09-11T17:21:39.428505+00:00Z,poc-tx
TX-000036,ACC_000150,ACC_000204,49686,SGD,SGD,2025-09-11T03:20:57.428515+00:00Z,poc-tx
TX-000037,ACC_000411,ACC_000155,3529843,IDR,USD,2025-09-10T22:17:18.428531+00:00Z,poc-tx
TX-000038,ACC_000171,ACC_000396,24521,USD,IDR,2025-09-10T01:35:26.428541+00:00Z,poc-tx
TX-000039,ACC_000735,ACC_000375,34722,USD,SGD,2025-09-15T07:22:17.428564+00:00Z,poc-tx
TX-000040,ACC_000963,ACC_000534,73953,USD,USD,2025-09-12T04:34:01.428590+00:00Z,poc-tx
TX-000041,ACC_000951,ACC_000400,39651,SGD,SGD,2025-09-10T00:21:31.428616+00:00Z,poc-tx
TX-000042,ACC_000504,ACC_000289,38219,SGD,SGD,2025-09-12T23:48:13.428633+00:00Z,poc-tx
TX-000043,ACC_000600,ACC_000059,142452,SGD,SGD,2025-09-14T02:21:31.428652+00:00Z,poc-tx
TX-000044,ACC_000818,ACC_000261,151012,USD,USD,2025-09-14T15:21:07.428675+00:00Z,poc-tx
TX-000045,ACC_000420,ACC_000227,51009,USD,SGD,2025-09-09T17:28:21.428690+00:00Z,poc-tx
TX-000046,ACC_000216,ACC_000007,136061,SGD,SGD,2025-09-12T00:56:45.428701+00:00Z,poc-tx
TX-000047,ACC_000316,ACC_000346,191040,USD,USD,2025-09-10T02:33:52.428715+00:00Z,poc-tx
TX-000048,ACC_000626,ACC_000400,2998205,IDR,IDR,2025-09-11T00:47:38.428734+00:00Z,poc-tx
TX-000049,ACC_000503,ACC_000804,4943316,IDR,SGD,2025-09-12T16:33:17.428760+00:00Z,poc-tx
TX-000050,ACC_000658,ACC_000774,3710628,IDR,IDR,2025-09-16T06:00:17.428786+00:00Z,poc-tx
TX-000051,ACC_000809,ACC_000504,1725368,IDR,IDR,2025-09-10T23:06:30.428815+00:00Z,poc-tx
TX-000052,ACC_000852,ACC_000128,567441,IDR,IDR,2025-09-10T07:30:32.428851+00:00Z,poc-tx
TX-000053,ACC_000023,ACC_000419,169306,USD,SGD,2025-09-14T10:47:09.428861+00:00Z,poc-tx
TX-000054,ACC_000438,ACC_000311,710931,IDR,IDR,2025-09-15T14:30:40.428877+00:00Z,poc-tx
TX-000055,ACC_000268,ACC_000908,44055,SGD,SGD,2025-09-14T15:56:48.428892+00:00Z,poc-tx
TX-000056,ACC_000048,ACC_000156,66954,SGD,SGD,2025-09-12T04:30:34.428900+00:00Z,poc-tx
TX-000057,ACC_000500,ACC_000588,2003715,IDR,IDR,2025-09-11T00:18:23.428928+00:00Z,poc-tx
TX-000058,ACC_000358,ACC_000535,41407,USD,USD,2025-09-13T18:26:58.428941+00:00Z,poc-tx
TX-000059,ACC_000785,ACC_000304,69585,SGD,SGD,2025-09-11T04:11:00.428963+00:00Z,poc-tx
TX-000060,ACC_000855,ACC_000759,33758,USD,USD,2025-09-11T17:19:11.428986+00:00Z,poc-tx
TX-000061,ACC_000724,ACC_000715,81636,USD,USD,2025-09-13T12:42:19.429007+00:00Z,poc-tx
TX-000062,ACC_000458,ACC_000563,18041,SGD,IDR,2025-09-16T11:21:16.429023+00:00Z,poc-tx
TX-000063,ACC_000860,ACC_000268,2510428,IDR,SGD,2025-09-11T13:26:35.429061+00:00Z,poc-tx
TX-000064,ACC_000494,ACC_000869,8647,SGD,IDR,2025-09-12T07:20:03.429077+00:00Z,poc-tx
TX-000065,ACC_000937,ACC_000826,3952498,IDR,IDR,2025-09-14T12:20:29.429103+00:00Z,poc-tx
TX-000066,ACC_000358,ACC_000850,188414,USD,USD,2025-09-15T00:40:31.429117+00:00Z,poc-tx
TX-000067,ACC_000089,ACC_000356,85820,USD,USD,2025-09-14T09:11:00.429126+00:00Z,poc-tx
TX-000068,ACC_000632,ACC_000881,133735,USD,USD,2025-09-15T00:37:41.429146+00:00Z,poc-tx
TX-000069,ACC_000646,ACC_000195,51755,USD,USD,2025-09-09T20:59:56.429164+00:00Z,poc-tx
TX-000070,ACC_000012,ACC_000791,2432552,IDR,SGD,2025-09-13T21:09:25.429171+00:00Z,poc-tx
TX-000071,ACC_000923,ACC_000204,116658,USD,USD,2025-09-15T21:12:43.429196+00:00Z,poc-tx
TX-000072,ACC_000155,ACC_000641,4806727,IDR,SGD,2025-09-14T15:11:26.429229+00:00Z,poc-tx
TX-000073,ACC_000692,ACC_000928,4238075,IDR,IDR,2025-09-15T05:21:52.429257+00:00Z,poc-tx
TX-000074,ACC_000271,ACC_000936,47603,SGD,SGD,2025-09-16T02:57:37.429271+00:00Z,poc-tx
TX-000075,ACC_000198,ACC_000706,2643233,IDR,SGD,2025-09-12T17:35:35.429283+00:00Z,poc-tx
TX-000076,ACC_000084,ACC_000307,128228,IDR,USD,2025-09-15T17:23:50.429292+00:00Z,poc-tx
TX-000077,ACC_000076,ACC_000785,1954946,IDR,IDR,2025-09-10T15:11:14.429301+00:00Z,poc-tx
TX-000078,ACC_000236,ACC_000896,1630428,IDR,IDR,2025-09-13T16:17:01.429312+00:00Z,poc-tx
TX-000079,ACC_000466,ACC_000955,185497,USD,SGD,2025-09-10T21:40:05.429329+00:00Z,poc-tx
TX-000080,ACC_000426,ACC_000125,51405,SGD,SGD,2025-09-13T02:26:25.429345+00:00Z,poc-tx
TX-000081,ACC_000599,ACC_000980,71707,SGD,SGD,2025-09-14T05:17:01.429364+00:00Z,poc-tx
TX-000082,ACC_000520,ACC_000895,581,SGD,SGD,2025-09-15T04:30:07.429381+00:00Z,poc-tx
TX-000083,ACC_000077,ACC_000849,169556,USD,USD,2025-09-15T10:20:58.429389+00:00Z,poc-tx
TX-000084,ACC_000172,ACC_000271,134203,SGD,SGD,2025-09-11T09:38:11.429399+00:00Z,poc-tx
TX-000085,ACC_000741,ACC_000423,56788,SGD,SGD,2025-09-15T07:20:09.429421+00:00Z,poc-tx
TX-000086,ACC_000629,ACC_000545,199541,USD,USD,2025-09-13T00:30:41.429440+00:00Z,poc-tx
TX-000087,ACC_000362,ACC_000207,39965,USD,USD,2025-09-13T18:44:45.429454+00:00Z,poc-tx
TX-000088,ACC_000209,ACC_000126,2222866,IDR,IDR,2025-09-12T21:01:13.429465+00:00Z,poc-tx
TX-000089,ACC_000449,ACC_000410,1005884,IDR,IDR,2025-09-16T01:13:35.429480+00:00Z,poc-tx
TX-000090,ACC_000481,ACC_000455,3243815,IDR,IDR,2025-09-13T13:04:20.429497+00:00Z,poc-tx
TX-000091,ACC_000242,ACC_000592,441940,IDR,IDR,2025-09-12T18:56:01.429508+00:00Z,poc-tx
TX-000092,ACC_000093,ACC_000169,3823148,IDR,IDR,2025-09-10T17:06:29.429517+00:00Z,poc-tx
TX-000093,ACC_000836,ACC_000853,82878,SGD,SGD,2025-09-14T09:47:25.429590+00:00Z,poc-tx
TX-000094,ACC_000469,ACC_000772,122888,USD,USD,2025-09-14T03:25:18.429609+00:00Z,poc-tx
TX-000095,ACC_000340,ACC_000168,23256,SGD,USD,2025-09-10T02:21:17.429624+00:00Z,poc-tx
TX-000096,ACC_000465,ACC_000851,1595439,IDR,IDR,2025-09-11T16:18:26.429640+00:00Z,poc-tx
TX-000097,ACC_000511,ACC_000892,43001,SGD,USD,2025-09-12T05:49:35.429657+00:00Z,poc-tx
TX-000098,ACC_000700,ACC_000561,123017,SGD,SGD,2025-09-15T07:59:54.429683+00:00Z,poc-tx
TX-000099,ACC_000136,ACC_000807,196856,USD,IDR,2025-09-10T23:13:52.429693+00:00Z,poc-tx
TX-000100,ACC_000034,ACC_000197,139140,SGD,SGD,2025-09-15T01:48:25.429701+00:00Z,poc-tx
TX-000101,ACC_000402,ACC_000201,14873,USD,USD,2025-09-15T10:21:22.429715+00:00Z,poc-tx
TX-000102,ACC_000010,ACC_000543,20753,USD,USD,2025-09-14T04:23:45.429722+00:00Z,poc-tx
TX-000103,ACC_000352,ACC_000771,4331744,IDR,USD,2025-09-11T02:06:48.429736+00:00Z,poc-tx
TX-000104,ACC_000999,ACC_000570,4042393,IDR,IDR,2025-09-12T13:40:50.429764+00:00Z,poc-tx
TX-000105,ACC_000419,ACC_000915,79963,SGD,SGD,2025-09-14T04:44:44.429778+00:00Z,poc-tx
TX-000106,ACC_000806,ACC_000572,12925,SGD,IDR,2025-09-11T20:51:35.429801+00:00Z,poc-tx
TX-000107,ACC_000144,ACC_000890,162239,USD,USD,2025-09-13T08:41:26.429811+00:00Z,poc-tx
TX-000108,ACC_000270,ACC_000450,124117,USD,USD,2025-09-12T04:06:15.429823+00:00Z,poc-tx
TX-000109,ACC_000508,ACC_000594,33685,USD,USD,2025-09-15T18:30:51.429840+00:00Z,poc-tx
TX-000110,ACC_000790,ACC_000556,64581,USD,USD,2025-09-11T11:54:18.429862+00:00Z,poc-tx
TX-000111,ACC_000722,ACC_000553,1022175,IDR,SGD,2025-09-13T17:18:56.429883+00:00Z,poc-tx
TX-000112,ACC_000195,ACC_000336,139885,USD,USD,2025-09-15T04:05:39.429893+00:00Z,poc-tx
TX-000113,ACC_000623,ACC_000356,135560,SGD,SGD,2025-09-09T19:14:05.429912+00:00Z,poc-tx
TX-000114,ACC_000412,ACC_000241,97586,SGD,SGD,2025-09-14T08:34:42.429928+00:00Z,poc-tx
TX-000115,ACC_000475,ACC_000531,115132,SGD,SGD,2025-09-12T02:17:50.429944+00:00Z,poc-tx
TX-000116,ACC_000423,ACC_000525,128778,SGD,SGD,2025-09-11T20:55:40.429959+00:00Z,poc-tx
TX-000117,ACC_000908,ACC_000711,40545,USD,USD,2025-09-12T03:17:53.429983+00:00Z,poc-tx
TX-000118,ACC_000393,ACC_000548,6614,USD,USD,2025-09-10T06:03:21.429997+00:00Z,poc-tx
TX-000119,ACC_000331,ACC_000757,3310489,IDR,IDR,2025-09-11T14:01:14.430011+00:00Z,poc-tx
TX-000120,ACC_000447,ACC_000358,187462,USD,USD,2025-09-13T21:17:10.430027+00:00Z,poc-tx
TX-000121,ACC_000705,ACC_000656,105188,USD,USD,2025-09-09T19:57:10.430048+00:00Z,poc-tx
TX-000122,ACC_000838,ACC_000388,25081,USD,IDR,2025-09-12T12:49:09.430072+00:00Z,poc-tx
TX-000123,ACC_000950,ACC_000120,2553031,IDR,IDR,2025-09-14T20:28:18.430097+00:00Z,poc-tx
TX-000124,ACC_000678,ACC_000763,662154,IDR,SGD,2025-09-16T11:28:41.430119+00:00Z,poc-tx
TX-000125,ACC_000161,ACC_000150,73206,USD,IDR,2025-09-13T15:10:29.430129+00:00Z,poc-tx
TX-000126,ACC_000330,ACC_000593,95419,SGD,IDR,2025-09-09T19:51:14.430143+00:00Z,poc-tx
TX-000127,ACC_000536,ACC_000022,44749,USD,USD,2025-09-14T21:49:37.430161+00:00Z,poc-tx
TX-000128,ACC_000386,ACC_000878,4873428,IDR,IDR,2025-09-13T13:43:10.430175+00:00Z,poc-tx
TX-000129,ACC_000977,ACC_000943,107823,USD,USD,2025-09-11T04:10:00.430201+00:00Z,poc-tx
TX-000130,ACC_000406,ACC_000995,142052,USD,SGD,2025-09-11T00:05:40.430216+00:00Z,poc-tx
TX-000131,ACC_000037,ACC_000408,149684,SGD,SGD,2025-09-15T13:25:30.430223+00:00Z,poc-tx
TX-000132,ACC_000896,ACC_000687,98120,SGD,SGD,2025-09-14T12:00:55.430248+00:00Z,poc-tx
TX-000133,ACC_000893,ACC_000414,3110357,IDR,USD,2025-09-09T23:57:59.430273+00:00Z,poc-tx
TX-000134,ACC_000726,ACC_000969,3991539,IDR,IDR,2025-09-11T05:31:22.430295+00:00Z,poc-tx
TX-000135,ACC_000720,ACC_000062,144978,USD,IDR,2025-09-13T13:29:23.430316+00:00Z,poc-tx
TX-000136,ACC_000142,ACC_000754,2476812,IDR,IDR,2025-09-13T14:54:40.430325+00:00Z,poc-tx
TX-000137,ACC_000410,ACC_000713,51190,USD,USD,2025-09-15T22:58:46.430340+00:00Z,poc-tx
TX-000138,ACC_000084,ACC_000770,3674994,IDR,IDR,2025-09-13T22:32:11.430348+00:00Z,poc-tx
TX-000139,ACC_000123,ACC_000072,892208,IDR,IDR,2025-09-14T19:35:54.430358+00:00Z,poc-tx
TX-000140,ACC_000893,ACC_000476,612064,IDR,IDR,2025-09-13T14:22:05.430383+00:00Z,poc-tx
TX-000141,ACC_000978,ACC_000069,3361131,IDR,IDR,2025-09-15T09:02:50.430418+00:00Z,poc-tx
TX-000142,ACC_000634,ACC_000609,99066,SGD,USD,2025-09-13T14:13:32.430452+00:00Z,poc-tx
TX-000143,ACC_000230,ACC_000286,90954,SGD,USD,2025-09-12T11:09:32.430474+00:00Z,poc-tx
TX-000144,ACC_000552,ACC_000405,1488652,IDR,IDR,2025-09-14T06:56:12.430492+00:00Z,poc-tx
TX-000145,ACC_000256,ACC_000801,3915493,IDR,IDR,2025-09-11T07:48:41.430504+00:00Z,poc-tx
TX-000146,ACC_000143,ACC_000264,145522,USD,USD,2025-09-11T09:10:47.430514+00:00Z,poc-tx
TX-000147,ACC_000913,ACC_000996,1153670,IDR,IDR,2025-09-16T07:52:25.430541+00:00Z,poc-tx
TX-000148,ACC_000890,ACC_000867,701401,IDR,IDR,2025-09-11T20:40:39.430565+00:00Z,poc-tx
TX-000149,ACC_000434,ACC_000209,139009,SGD,SGD,2025-09-15T12:22:19.430580+00:00Z,poc-tx
TX-000150,ACC_000179,ACC_000152,199692,USD,USD,2025-09-16T10:10:10.430591+00:00Z,poc-tx
TX-000151,ACC_000190,ACC_000844,2388475,IDR,IDR,2025-09-11T13:25:57.430601+00:00Z,poc-tx
TX-000152,ACC_000022,ACC_000640,14358,USD,IDR,2025-09-15T17:32:55.430609+00:00Z,poc-tx
TX-000153,ACC_000470,ACC_000686,129573,SGD,SGD,2025-09-11T19:24:33.430624+00:00Z,poc-tx
TX-000154,ACC_000116,ACC_000164,1126928,IDR,IDR,2025-09-09T21:25:53.430634+00:00Z,poc-tx
TX-000155,ACC_000094,ACC_000562,68727,USD,USD,2025-09-13T03:24:47.430642+00:00Z,poc-tx
TX-000156,ACC_000684,ACC_000670,70319,USD,SGD,2025-09-15T13:13:33.430663+00:00Z,poc-tx
TX-000157,ACC_000705,ACC_000802,67385,USD,USD,2025-09-13T14:37:13.430685+00:00Z,poc-tx
TX-000158,ACC_000792,ACC_000543,84169,SGD,SGD,2025-09-11T04:53:42.430707+00:00Z,poc-tx
TX-000159,ACC_000155,ACC_000357,3967806,IDR,IDR,2025-09-11T21:27:05.430717+00:00Z,poc-tx
TX-000160,ACC_000468,ACC_000729,751485,IDR,IDR,2025-09-13T20:45:13.430732+00:00Z,poc-tx
TX-000161,ACC_000462,ACC_000838,2917850,IDR,USD,2025-09-13T15:29:28.430748+00:00Z,poc-tx
TX-000162,ACC_000108,ACC_000246,58787,SGD,SGD,2025-09-12T23:56:32.430757+00:00Z,poc-tx
TX-000163,ACC_000937,ACC_000233,3527365,IDR,IDR,2025-09-12T13:02:25.430783+00:00Z,poc-tx
TX-000164,ACC_000693,ACC_000871,86756,SGD,SGD,2025-09-12T11:10:27.430803+00:00Z,poc-tx
TX-000165,ACC_000574,ACC_000230,3476329,IDR,USD,2025-09-11T09:29:48.430821+00:00Z,poc-tx
TX-000166,ACC_000370,ACC_000041,23711,USD,IDR,2025-09-10T03:08:23.430836+00:00Z,poc-tx
TX-000167,ACC_000073,ACC_000518,3942130,IDR,IDR,2025-09-13T20:13:11.430844+00:00Z,poc-tx
TX-000168,ACC_000652,ACC_000397,120189,USD,USD,2025-09-15T18:42:48.430883+00:00Z,poc-tx
TX-000169,ACC_000253,ACC_000895,3835554,IDR,USD,2025-09-11T20:01:25.430900+00:00Z,poc-tx
TX-000170,ACC_000477,ACC_000952,130535,USD,IDR,2025-09-14T01:46:31.430917+00:00Z,poc-tx
TX-000171,ACC_000291,ACC_000419,6013,SGD,SGD,2025-09-16T04:51:25.430975+00:00Z,poc-tx
TX-000172,ACC_000394,ACC_000356,29032,USD,USD,2025-09-10T13:17:39.430990+00:00Z,poc-tx
TX-000173,ACC_000862,ACC_000319,199585,USD,USD,2025-09-10T15:36:28.431021+00:00Z,poc-tx
TX-000174,ACC_000185,ACC_000217,241331,IDR,IDR,2025-09-11T06:26:23.431037+00:00Z,poc-tx
TX-000175,ACC_000553,ACC_000560,99281,USD,SGD,2025-09-10T16:39:28.431057+00:00Z,poc-tx
TX-000176,ACC_000794,ACC_000898,197604,USD,USD,2025-09-14T03:04:23.431079+00:00Z,poc-tx
TX-000177,ACC_000562,ACC_000428,2996222,IDR,IDR,2025-09-10T15:15:24.431097+00:00Z,poc-tx
TX-000178,ACC_000725,ACC_000057,123792,SGD,USD,2025-09-12T21:37:29.431118+00:00Z,poc-tx
TX-000179,ACC_000663,ACC_000129,4516504,IDR,IDR,2025-09-16T08:09:06.431138+00:00Z,poc-tx
TX-000180,ACC_000745,ACC_000776,135944,USD,USD,2025-09-14T01:23:15.431159+00:00Z,poc-tx
TX-000181,ACC_000112,ACC_000407,4425013,IDR,USD,2025-09-14T02:47:08.431178+00:00Z,poc-tx
TX-000182,ACC_000738,ACC_000511,3873358,IDR,IDR,2025-09-12T00:36:27.431199+00:00Z,poc-tx
TX-000183,ACC_000251,ACC_000993,3415374,IDR,USD,2025-09-16T04:22:17.431211+00:00Z,poc-tx
TX-000184,ACC_000338,ACC_000421,3544,SGD,SGD,2025-09-10T23:56:01.431242+00:00Z,poc-tx
TX-000185,ACC_000230,ACC_000935,124030,SGD,SGD,2025-09-11T17:32:05.431289+00:00Z,poc-tx
TX-000186,ACC_000462,ACC_000325,4411868,IDR,SGD,2025-09-09T23:51:05.431308+00:00Z,poc-tx
TX-000187,ACC_000954,ACC_000008,3267816,IDR,IDR,2025-09-16T01:42:33.431340+00:00Z,poc-tx
TX-000188,ACC_000819,ACC_000200,1448,SGD,SGD,2025-09-16T08:03:59.431363+00:00Z,poc-tx
TX-000189,ACC_000914,ACC_000276,187848,USD,USD,2025-09-16T06:59:05.431400+00:00Z,poc-tx
TX-000190,ACC_000846,ACC_000751,533,USD,USD,2025-09-16T06:10:56.431425+00:00Z,poc-tx
TX-000191,ACC_000100,ACC_000921,124470,USD,USD,2025-09-16T11:55:29.431434+00:00Z,poc-tx
TX-000192,ACC_000048,ACC_000640,25522,SGD,IDR,2025-09-13T05:48:32.431442+00:00Z,poc-tx
TX-000193,ACC_000893,ACC_000429,553845,IDR,IDR,2025-09-11T00:10:56.431467+00:00Z,poc-tx
TX-000194,ACC_000360,ACC_000820,96838,IDR,IDR,2025-09-09T13:48:10.431485+00:00Z,poc-tx
TX-000195,ACC_000251,ACC_000945,4189612,IDR,SGD,2025-09-15T14:04:10.431510+00:00Z,poc-tx
TX-000196,ACC_000379,ACC_000863,829609,IDR,IDR,2025-09-10T12:26:07.431528+00:00Z,poc-tx
TX-000197,ACC_000267,ACC_000190,92724,USD,USD,2025-09-13T02:25:29.431541+00:00Z,poc-tx
TX-000198,ACC_000153,ACC_000666,2961670,IDR,IDR,2025-09-12T16:51:41.431551+00:00Z,poc-tx
TX-000199,ACC_000630,ACC_000912,2171500,IDR,SGD,2025-09-12T13:55:30.431571+00:00Z,poc-tx
TX-000200,ACC_000092,ACC_000589,2145684,IDR,IDR,2025-09-11T23:50:43.431579+00:00Z,poc-tx
TX-000201,ACC_000388,ACC_000217,157332,USD,IDR,2025-09-16T04:15:31.431594+00:00Z,poc-tx
TX-000202,ACC_000813,ACC_000209,2824962,IDR,IDR,2025-09-09T19:32:56.431620+00:00Z,poc-tx
TX-000203,ACC_000524,ACC_000604,83750,SGD,IDR,2025-09-12T20:38:10.431643+00:00Z,poc-tx
TX-000204,ACC_000108,ACC_000711,19046,SGD,IDR,2025-09-13T18:53:22.431652+00:00Z,poc-tx
TX-000205,ACC_000709,ACC_000723,77911,SGD,SGD,2025-09-14T20:49:05.431672+00:00Z,poc-tx
TX-000206,ACC_000898,ACC_000932,101888,SGD,SGD,2025-09-10T02:42:20.431697+00:00Z,poc-tx
TX-000207,ACC_000165,ACC_000882,62471,USD,USD,2025-09-16T01:46:59.431706+00:00Z,poc-tx
TX-000208,ACC_000679,ACC_000989,787586,IDR,IDR,2025-09-16T09:30:11.431727+00:00Z,poc-tx
TX-000209,ACC_000669,ACC_000130,58047,USD,IDR,2025-09-11T12:09:37.431747+00:00Z,poc-tx
TX-000210,ACC_000588,ACC_000712,108498,USD,USD,2025-09-09T22:36:43.431766+00:00Z,poc-tx
TX-000211,ACC_000178,ACC_000907,52367,USD,USD,2025-09-10T12:39:30.431776+00:00Z,poc-tx
TX-000212,ACC_000673,ACC_000001,4775769,IDR,IDR,2025-09-10T09:58:35.431796+00:00Z,poc-tx
TX-000213,ACC_000767,ACC_000338,3783962,IDR,IDR,2025-09-15T16:16:55.431818+00:00Z,poc-tx
TX-000214,ACC_000393,ACC_000069,130141,USD,USD,2025-09-15T01:36:03.431833+00:00Z,poc-tx
TX-000215,ACC_000471,ACC_000949,3328398,IDR,IDR,2025-09-10T01:06:28.431849+00:00Z,poc-tx
TX-000216,ACC_000736,ACC_000533,3152681,IDR,IDR,2025-09-11T06:18:25.431870+00:00Z,poc-tx
TX-000217,ACC_000662,ACC_000189,140588,SGD,SGD,2025-09-10T08:54:35.431889+00:00Z,poc-tx
TX-000218,ACC_000488,ACC_000275,24115,SGD,USD,2025-09-13T16:00:43.431906+00:00Z,poc-tx
TX-000219,ACC_000899,ACC_000943,45748,SGD,IDR,2025-09-12T18:06:30.431931+00:00Z,poc-tx
TX-000220,ACC_000410,ACC_000071,113626,USD,USD,2025-09-12T16:33:57.431946+00:00Z,poc-tx
TX-000221,ACC_000310,ACC_000609,4092282,IDR,SGD,2025-09-15T12:37:28.431959+00:00Z,poc-tx
TX-000222,ACC_000452,ACC_000799,92459,SGD,SGD,2025-09-13T10:17:40.431976+00:00Z,poc-tx
TX-000223,ACC_000660,ACC_000718,95206,SGD,SGD,2025-09-12T03:01:41.431995+00:00Z,poc-tx
TX-000224,ACC_000955,ACC_000198,652125,IDR,IDR,2025-09-12T11:19:39.432020+00:00Z,poc-tx
TX-000225,ACC_000876,ACC_000074,96285,SGD,SGD,2025-09-09T23:05:46.432044+00:00Z,poc-tx
TX-000226,ACC_000903,ACC_000771,137174,SGD,SGD,2025-09-13T18:06:21.432069+00:00Z,poc-tx
TX-000227,ACC_000155,ACC_000097,3513472,IDR,USD,2025-09-10T19:02:11.432079+00:00Z,poc-tx
TX-000228,ACC_000828,ACC_000041,87524,SGD,SGD,2025-09-12T04:09:24.432102+00:00Z,poc-tx
TX-000229,ACC_000403,ACC_000856,4947164,IDR,IDR,2025-09-10T15:08:58.432116+00:00Z,poc-tx
TX-000230,ACC_000131,ACC_000443,140996,SGD,SGD,2025-09-10T07:36:04.432126+00:00Z,poc-tx
TX-000231,ACC_000699,ACC_000898,84242,USD,USD,2025-09-13T00:04:56.432146+00:00Z,poc-tx
TX-000232,ACC_000762,ACC_000908,43262,SGD,IDR,2025-09-15T21:52:52.432168+00:00Z,poc-tx
TX-000233,ACC_000345,ACC_000565,191248,USD,SGD,2025-09-12T07:47:23.432182+00:00Z,poc-tx
TX-000234,ACC_000106,ACC_000741,4964839,IDR,USD,2025-09-14T20:03:45.432191+00:00Z,poc-tx
TX-000235,ACC_000637,ACC_000268,22118,USD,IDR,2025-09-11T09:44:50.432211+00:00Z,poc-tx
TX-000236,ACC_000964,ACC_000941,3825177,IDR,IDR,2025-09-10T18:19:12.432236+00:00Z,poc-tx
TX-000237,ACC_000167,ACC_000687,112085,SGD,SGD,2025-09-14T15:45:32.432246+00:00Z,poc-tx
TX-000238,ACC_000324,ACC_000816,99110,USD,USD,2025-09-09T20:15:22.432260+00:00Z,poc-tx
TX-000239,ACC_000375,ACC_000637,144711,SGD,SGD,2025-09-13T21:06:45.432274+00:00Z,poc-tx
TX-000240,ACC_000212,ACC_000938,2925975,IDR,IDR,2025-09-14T03:07:32.432285+00:00Z,poc-tx
TX-000241,ACC_000229,ACC_000262,2782630,IDR,IDR,2025-09-14T00:32:07.432296+00:00Z,poc-tx
TX-000242,ACC_000562,ACC_000546,2469085,IDR,IDR,2025-09-11T17:09:14.432314+00:00Z,poc-tx
TX-000243,ACC_000606,ACC_000259,65924,SGD,SGD,2025-09-12T08:31:37.432332+00:00Z,poc-tx
TX-000244,ACC_000443,ACC_000576,3764394,IDR,USD,2025-09-14T07:58:10.432348+00:00Z,poc-tx
TX-000245,ACC_000318,ACC_000663,77920,SGD,IDR,2025-09-10T19:16:28.432361+00:00Z,poc-tx
TX-000246,ACC_000140,ACC_000338,114153,USD,USD,2025-09-12T05:03:10.432371+00:00Z,poc-tx
TX-000247,ACC_000863,ACC_000648,510215,IDR,IDR,2025-09-13T03:44:26.432394+00:00Z,poc-tx
TX-000248,ACC_000429,ACC_000193,3294030,IDR,IDR,2025-09-14T16:50:52.432409+00:00Z,poc-tx
TX-000249,ACC_000107,ACC_000223,163332,USD,USD,2025-09-11T06:39:52.432418+00:00Z,poc-tx
TX-000250,ACC_000152,ACC_000631,3551401,IDR,IDR,2025-09-13T04:36:00.432428+00:00Z,poc-tx
TX-000251,ACC_000958,ACC_000273,142591,SGD,SGD,2025-09-10T11:38:09.432454+00:00Z,poc-tx
TX-000252,ACC_000139,ACC_000319,100070,SGD,SGD,2025-09-11T19:20:28.432463+00:00Z,poc-tx
TX-000253,ACC_000614,ACC_000602,115747,SGD,SGD,2025-09-10T11:23:05.432482+00:00Z,poc-tx
TX-000254,ACC_000321,ACC_000069,1461763,IDR,IDR,2025-09-13T12:10:41.432495+00:00Z,poc-tx
TX-000255,ACC_000691,ACC_000208,150470,USD,SGD,2025-09-13T23:51:00.432515+00:00Z,poc-tx
TX-000256,ACC_000632,ACC_000580,199446,USD,SGD,2025-09-15T17:20:58.432538+00:00Z,poc-tx
TX-000257,ACC_000320,ACC_000965,17082,SGD,SGD,2025-09-09T13:49:30.432552+00:00Z,poc-tx
TX-000258,ACC_000704,ACC_000470,165413,USD,USD,2025-09-09T13:17:05.432575+00:00Z,poc-tx
TX-000259,ACC_000265,ACC_000950,65727,USD,USD,2025-09-12T02:54:15.432587+00:00Z,poc-tx
TX-000260,ACC_000714,ACC_000632,1353941,IDR,IDR,2025-09-11T00:32:47.432608+00:00Z,poc-tx
TX-000261,ACC_000465,ACC_000838,4595167,IDR,IDR,2025-09-13T02:53:06.432624+00:00Z,poc-tx
TX-000262,ACC_000106,ACC_000850,1297586,IDR,SGD,2025-09-16T04:28:18.432633+00:00Z,poc-tx
TX-000263,ACC_000334,ACC_000870,20369,SGD,IDR,2025-09-13T20:29:48.432647+00:00Z,poc-tx
TX-000264,ACC_000863,ACC_000179,2339660,IDR,IDR,2025-09-10T15:24:25.432671+00:00Z,poc-tx
TX-000265,ACC_000196,ACC_000713,1661597,IDR,IDR,2025-09-11T00:22:45.432681+00:00Z,poc-tx
TX-000266,ACC_000185,ACC_000123,1431147,IDR,IDR,2025-09-13T20:27:01.432692+00:00Z,poc-tx
TX-000267,ACC_000133,ACC_000674,124058,SGD,SGD,2025-09-15T14:37:09.432701+00:00Z,poc-tx
TX-000268,ACC_000480,ACC_000831,113021,USD,USD,2025-09-13T03:55:11.432717+00:00Z,poc-tx
TX-000269,ACC_000354,ACC_000659,2262735,IDR,IDR,2025-09-15T07:43:48.432731+00:00Z,poc-tx
TX-000270,ACC_000530,ACC_000821,1604649,IDR,IDR,2025-09-13T07:58:18.432748+00:00Z,poc-tx
TX-000271,ACC_000879,ACC_000504,3552810,IDR,IDR,2025-09-11T11:42:23.432795+00:00Z,poc-tx
TX-000272,ACC_000949,ACC_000863,192437,USD,SGD,2025-09-16T11:33:30.432837+00:00Z,poc-tx
TX-000273,ACC_000641,ACC_000144,3281583,IDR,SGD,2025-09-16T05:37:31.432876+00:00Z,poc-tx
TX-000274,ACC_000836,ACC_000354,34960,SGD,USD,2025-09-11T18:59:21.432912+00:00Z,poc-tx
TX-000275,ACC_000878,ACC_000266,2914432,IDR,IDR,2025-09-11T13:59:50.432949+00:00Z,poc-tx
TX-000276,ACC_000151,ACC_000771,24232,SGD,SGD,2025-09-15T12:04:20.432964+00:00Z,poc-tx
TX-000277,ACC_000949,ACC_000677,158636,USD,USD,2025-09-09T20:45:37.433031+00:00Z,poc-tx
TX-000278,ACC_000181,ACC_000948,1261348,IDR,SGD,2025-09-16T07:09:34.433048+00:00Z,poc-tx
TX-000279,ACC_000750,ACC_000582,109252,USD,USD,2025-09-14T10:39:28.433080+00:00Z,poc-tx
TX-000280,ACC_000383,ACC_000979,66054,SGD,USD,2025-09-13T11:22:21.433102+00:00Z,poc-tx
TX-000281,ACC_000552,ACC_000955,4807372,IDR,USD,2025-09-11T11:51:50.433129+00:00Z,poc-tx
TX-000282,ACC_000885,ACC_000520,1679,SGD,SGD,2025-09-13T21:59:14.433171+00:00Z,poc-tx
TX-000283,ACC_000168,ACC_000860,20337,SGD,SGD,2025-09-10T22:23:44.433187+00:00Z,poc-tx
TX-000284,ACC_000497,ACC_000224,91113,USD,USD,2025-09-10T21:46:35.433212+00:00Z,poc-tx
TX-000285,ACC_000304,ACC_000696,135590,USD,IDR,2025-09-10T00:44:04.433256+00:00Z,poc-tx
TX-000286,ACC_000619,ACC_001000,1361070,IDR,IDR,2025-09-10T17:35:39.433299+00:00Z,poc-tx
TX-000287,ACC_000558,ACC_000698,24090,SGD,SGD,2025-09-14T20:30:59.433329+00:00Z,poc-tx
TX-000288,ACC_000473,ACC_000358,16266,USD,USD,2025-09-16T05:35:28.433369+00:00Z,poc-tx
TX-000289,ACC_000711,ACC_000392,8698,SGD,SGD,2025-09-12T12:18:49.433405+00:00Z,poc-tx
TX-000290,ACC_000560,ACC_000009,42954,USD,SGD,2025-09-11T08:19:25.433449+00:00Z,poc-tx
TX-000291,ACC_000907,ACC_000305,1900332,IDR,IDR,2025-09-13T08:07:07.433487+00:00Z,poc-tx
TX-000292,ACC_000564,ACC_000811,136173,SGD,SGD,2025-09-12T10:19:02.433517+00:00Z,poc-tx
TX-000293,ACC_000196,ACC_000719,2440575,IDR,IDR,2025-09-13T21:52:41.433536+00:00Z,poc-tx
TX-000294,ACC_000185,ACC_000551,1757243,IDR,IDR,2025-09-09T22:43:08.433552+00:00Z,poc-tx
TX-000295,ACC_000524,ACC_000691,21620,SGD,SGD,2025-09-10T04:03:56.433580+00:00Z,poc-tx
TX-000296,ACC_000067,ACC_000653,167437,USD,IDR,2025-09-16T02:34:02.433599+00:00Z,poc-tx
TX-000297,ACC_000562,ACC_000192,4156547,IDR,IDR,2025-09-09T22:00:18.433628+00:00Z,poc-tx
TX-000298,ACC_000123,ACC_000580,1112109,IDR,IDR,2025-09-13T10:03:39.433644+00:00Z,poc-tx
TX-000299,ACC_000583,ACC_000716,53867,SGD,SGD,2025-09-13T12:41:01.433671+00:00Z,poc-tx
TX-000300,ACC_000217,ACC_000394,81438,SGD,SGD,2025-09-12T04:51:05.433688+00:00Z,poc-tx
TX-000301,ACC_000527,ACC_000565,41158,SGD,IDR,2025-09-16T03:27:30.433716+00:00Z,poc-tx
TX-000302,ACC_000689,ACC_000558,3186132,IDR,IDR,2025-09-10T03:58:32.433753+00:00Z,poc-tx
TX-000303,ACC_000097,ACC_000215,120419,SGD,SGD,2025-09-14T19:52:38.433769+00:00Z,poc-tx
TX-000304,ACC_000769,ACC_000238,15779,SGD,SGD,2025-09-15T08:00:43.433802+00:00Z,poc-tx
TX-000305,ACC_000627,ACC_000418,155394,USD,SGD,2025-09-11T17:07:01.433833+00:00Z,poc-tx
TX-000306,ACC_000688,ACC_000288,99998,SGD,SGD,2025-09-13T12:14:42.433864+00:00Z,poc-tx
TX-000307,ACC_000910,ACC_000250,1927492,IDR,IDR,2025-09-10T05:51:50.433906+00:00Z,poc-tx
TX-000308,ACC_000529,ACC_000688,135797,SGD,USD,2025-09-14T12:41:27.433940+00:00Z,poc-tx
TX-000309,ACC_000186,ACC_000458,59922,SGD,SGD,2025-09-10T19:21:21.433958+00:00Z,poc-tx
TX-000310,ACC_000512,ACC_000467,5073,SGD,SGD,2025-09-12T17:55:30.433987+00:00Z,poc-tx
TX-000311,ACC_000185,ACC_000593,4544052,IDR,SGD,2025-09-11T01:40:00.434009+00:00Z,poc-tx
TX-000312,ACC_000851,ACC_000449,21078,SGD,SGD,2025-09-11T06:54:52.434050+00:00Z,poc-tx
TX-000313,ACC_000553,ACC_000092,144053,USD,USD,2025-09-13T09:22:07.434081+00:00Z,poc-tx
TX-000314,ACC_000891,ACC_000433,133539,USD,SGD,2025-09-14T19:40:24.434136+00:00Z,poc-tx
TX-000315,ACC_000762,ACC_000020,140326,SGD,SGD,2025-09-12T21:43:48.434172+00:00Z,poc-tx
TX-000316,ACC_000385,ACC_000073,1317013,IDR,IDR,2025-09-15T10:23:01.434197+00:00Z,poc-tx
TX-000317,ACC_000752,ACC_000180,2705974,IDR,IDR,2025-09-11T12:04:40.434230+00:00Z,poc-tx
TX-000318,ACC_000694,ACC_000458,99574,SGD,SGD,2025-09-13T09:06:03.434258+00:00Z,poc-tx
TX-000319,ACC_000748,ACC_000124,162933,USD,SGD,2025-09-14T17:27:40.434280+00:00Z,poc-tx
TX-000320,ACC_000661,ACC_000426,3412234,IDR,SGD,2025-09-15T02:28:36.434301+00:00Z,poc-tx
TX-000321,ACC_000545,ACC_000340,4787283,IDR,IDR,2025-09-15T20:41:57.434324+00:00Z,poc-tx
TX-000322,ACC_000861,ACC_000182,97445,SGD,SGD,2025-09-15T10:02:12.434348+00:00Z,poc-tx
TX-000323,ACC_000332,ACC_000647,15316,SGD,USD,2025-09-09T21:51:55.434361+00:00Z,poc-tx
TX-000324,ACC_000014,ACC_000584,23505,SGD,USD,2025-09-14T15:55:11.434368+00:00Z,poc-tx
TX-000325,ACC_000064,ACC_000976,108081,SGD,SGD,2025-09-12T22:12:49.434377+00:00Z,poc-tx
TX-000326,ACC_000762,ACC_000237,108007,SGD,SGD,2025-09-10T18:38:37.434398+00:00Z,poc-tx
TX-000327,ACC_000803,ACC_000230,124118,USD,USD,2025-09-15T21:09:33.434420+00:00Z,poc-tx
TX-000328,ACC_000420,ACC_000328,96591,USD,USD,2025-09-14T05:57:50.434440+00:00Z,poc-tx
TX-000329,ACC_000533,ACC_000049,139564,USD,USD,2025-09-09T19:54:19.434457+00:00Z,poc-tx
TX-000330,ACC_000315,ACC_000872,1011640,IDR,IDR,2025-09-13T11:53:01.434470+00:00Z,poc-tx
TX-000331,ACC_000854,ACC_000355,1134,SGD,SGD,2025-09-12T04:10:49.434493+00:00Z,poc-tx
TX-000332,ACC_000232,ACC_000443,49147,SGD,SGD,2025-09-10T09:19:20.434505+00:00Z,poc-tx
TX-000333,ACC_000103,ACC_000771,93904,SGD,SGD,2025-09-10T05:14:44.434513+00:00Z,poc-tx
TX-000334,ACC_000994,ACC_000797,830368,IDR,IDR,2025-09-11T01:44:07.434547+00:00Z,poc-tx
TX-000335,ACC_000721,ACC_000484,169390,USD,USD,2025-09-11T05:41:32.434568+00:00Z,poc-tx
TX-000336,ACC_000134,ACC_000951,969647,IDR,IDR,2025-09-13T02:24:06.434577+00:00Z,poc-tx
TX-000337,ACC_000765,ACC_000808,16159,SGD,SGD,2025-09-12T21:14:57.434598+00:00Z,poc-tx
TX-000338,ACC_000279,ACC_000427,88079,USD,USD,2025-09-14T20:00:18.434610+00:00Z,poc-tx
TX-000339,ACC_000464,ACC_000305,98886,SGD,SGD,2025-09-11T18:00:37.434626+00:00Z,poc-tx
TX-000340,ACC_000744,ACC_000688,140984,USD,USD,2025-09-11T02:55:58.434648+00:00Z,poc-tx
TX-000341,ACC_000869,ACC_000670,894,SGD,SGD,2025-09-16T09:07:33.434672+00:00Z,poc-tx
TX-000342,ACC_000102,ACC_000650,187226,USD,USD,2025-09-12T21:31:14.434681+00:00Z,poc-tx
TX-000343,ACC_000476,ACC_000819,3254564,IDR,IDR,2025-09-11T20:32:39.434696+00:00Z,poc-tx
TX-000344,ACC_000600,ACC_000613,28740,SGD,IDR,2025-09-09T14:18:59.434715+00:00Z,poc-tx
TX-000345,ACC_000385,ACC_000025,482995,IDR,IDR,2025-09-13T05:09:44.434729+00:00Z,poc-tx
TX-000346,ACC_000925,ACC_000958,2772562,IDR,USD,2025-09-13T11:41:09.434754+00:00Z,poc-tx
TX-000347,ACC_000688,ACC_000487,105126,SGD,SGD,2025-09-16T04:26:44.434774+00:00Z,poc-tx
TX-000348,ACC_000786,ACC_000692,34909,USD,USD,2025-09-12T22:07:28.434795+00:00Z,poc-tx
TX-000349,ACC_000780,ACC_000465,11939,USD,USD,2025-09-10T06:39:30.434817+00:00Z,poc-tx
TX-000350,ACC_000541,ACC_000845,3162768,IDR,IDR,2025-09-13T00:08:44.434834+00:00Z,poc-tx
TX-000351,ACC_000647,ACC_000862,561074,IDR,IDR,2025-09-13T01:24:21.434884+00:00Z,poc-tx
TX-000352,ACC_000735,ACC_000907,104659,USD,USD,2025-09-11T22:14:23.434906+00:00Z,poc-tx
TX-000353,ACC_000062,ACC_000606,5466,SGD,SGD,2025-09-16T05:15:29.434915+00:00Z,poc-tx
TX-000354,ACC_000746,ACC_000466,91989,USD,USD,2025-09-11T00:37:49.434936+00:00Z,poc-tx
TX-000355,ACC_000345,ACC_000797,32269,USD,IDR,2025-09-15T15:18:40.434950+00:00Z,poc-tx
TX-000356,ACC_000467,ACC_000519,61477,SGD,SGD,2025-09-11T03:35:05.434966+00:00Z,poc-tx
TX-000357,ACC_000848,ACC_000312,102360,USD,IDR,2025-09-14T02:36:36.434989+00:00Z,poc-tx
TX-000358,ACC_000012,ACC_000724,2024170,IDR,IDR,2025-09-11T07:23:47.434995+00:00Z,poc-tx
TX-000359,ACC_000515,ACC_000978,4356852,IDR,USD,2025-09-11T09:15:37.435012+00:00Z,poc-tx
TX-000360,ACC_000901,ACC_000933,2213429,IDR,USD,2025-09-09T21:31:05.435037+00:00Z,poc-tx
TX-000361,ACC_000877,ACC_000601,1228411,IDR,IDR,2025-09-12T09:38:43.435060+00:00Z,poc-tx
TX-000362,ACC_000919,ACC_000611,1850945,IDR,SGD,2025-09-14T13:38:57.435085+00:00Z,poc-tx
TX-000363,ACC_000477,ACC_000149,165661,USD,USD,2025-09-15T04:08:16.435100+00:00Z,poc-tx
TX-000364,ACC_000673,ACC_000743,4518028,IDR,IDR,2025-09-15T03:33:04.435120+00:00Z,poc-tx
TX-000365,ACC_000742,ACC_000312,37061,USD,SGD,2025-09-13T15:47:18.435141+00:00Z,poc-tx
TX-000366,ACC_000522,ACC_000038,122043,SGD,SGD,2025-09-10T14:38:59.435158+00:00Z,poc-tx
TX-000367,ACC_000060,ACC_000803,61137,SGD,IDR,2025-09-09T18:35:09.435166+00:00Z,poc-tx
TX-000368,ACC_000437,ACC_000474,17627,USD,USD,2025-09-11T14:18:21.435181+00:00Z,poc-tx
TX-000369,ACC_000903,ACC_000784,77893,SGD,SGD,2025-09-13T08:20:13.435238+00:00Z,poc-tx
TX-000370,ACC_000942,ACC_000431,132601,SGD,SGD,2025-09-09T13:05:33.435290+00:00Z,poc-tx
TX-000371,ACC_000593,ACC_000090,99169,SGD,SGD,2025-09-13T20:09:23.435310+00:00Z,poc-tx
TX-000372,ACC_000440,ACC_000917,768476,IDR,IDR,2025-09-10T05:47:45.435325+00:00Z,poc-tx
TX-000373,ACC_000031,ACC_000920,121389,USD,IDR,2025-09-10T08:08:45.435334+00:00Z,poc-tx
TX-000374,ACC_000005,ACC_000804,42575,USD,IDR,2025-09-12T22:16:25.435341+00:00Z,poc-tx
TX-000375,ACC_000498,ACC_000155,4696976,IDR,USD,2025-09-11T06:28:08.435358+00:00Z,poc-tx
TX-000376,ACC_000502,ACC_000931,3645300,IDR,IDR,2025-09-11T09:58:13.435374+00:00Z,poc-tx
TX-000377,ACC_000397,ACC_000495,3137297,IDR,IDR,2025-09-11T23:49:58.435388+00:00Z,poc-tx
TX-000378,ACC_000215,ACC_000455,4963892,IDR,SGD,2025-09-13T14:17:39.435399+00:00Z,poc-tx
TX-000379,ACC_000894,ACC_000640,96246,USD,IDR,2025-09-15T11:52:50.435424+00:00Z,poc-tx
TX-000380,ACC_000305,ACC_000238,3104006,IDR,USD,2025-09-11T04:00:48.435437+00:00Z,poc-tx
TX-000381,ACC_000691,ACC_000327,177952,USD,SGD,2025-09-16T08:49:35.435457+00:00Z,poc-tx
TX-000382,ACC_000564,ACC_000947,31975,SGD,SGD,2025-09-11T23:24:54.435474+00:00Z,poc-tx
TX-000383,ACC_000780,ACC_000895,58672,USD,IDR,2025-09-10T14:12:41.435496+00:00Z,poc-tx
TX-000384,ACC_000941,ACC_000115,460206,IDR,IDR,2025-09-09T23:38:02.435530+00:00Z,poc-tx
TX-000385,ACC_000693,ACC_000575,133963,SGD,SGD,2025-09-14T07:16:40.435550+00:00Z,poc-tx
TX-000386,ACC_000899,ACC_000500,23962,SGD,SGD,2025-09-14T11:26:22.435574+00:00Z,poc-tx
TX-000387,ACC_000304,ACC_000740,12967,USD,USD,2025-09-11T23:11:02.435587+00:00Z,poc-tx
TX-000388,ACC_000040,ACC_000314,1375235,IDR,SGD,2025-09-12T01:20:57.435595+00:00Z,poc-tx
TX-000389,ACC_000460,ACC_000661,155382,USD,USD,2025-09-13T12:51:00.435610+00:00Z,poc-tx
TX-000390,ACC_000584,ACC_000881,80465,SGD,SGD,2025-09-09T14:33:01.435628+00:00Z,poc-tx
TX-000391,ACC_000988,ACC_000134,197493,USD,USD,2025-09-13T05:02:52.435656+00:00Z,poc-tx
TX-000392,ACC_000726,ACC_000534,2231511,IDR,SGD,2025-09-12T20:31:24.435677+00:00Z,poc-tx
TX-000393,ACC_000926,ACC_000850,27978,SGD,SGD,2025-09-14T11:06:39.435702+00:00Z,poc-tx
TX-000394,ACC_000476,ACC_000687,461294,IDR,USD,2025-09-14T16:56:36.435718+00:00Z,poc-tx
TX-000395,ACC_000262,ACC_000669,71067,USD,USD,2025-09-12T17:13:29.435730+00:00Z,poc-tx
TX-000396,ACC_000496,ACC_000855,57495,SGD,SGD,2025-09-13T13:12:41.435746+00:00Z,poc-tx
TX-000397,ACC_000486,ACC_000123,90137,SGD,USD,2025-09-12T15:54:43.435762+00:00Z,poc-tx
TX-000398,ACC_000122,ACC_000889,4958905,IDR,IDR,2025-09-11T00:07:25.435771+00:00Z,poc-tx
TX-000399,ACC_000932,ACC_000114,8024,SGD,SGD,2025-09-15T04:53:30.435795+00:00Z,poc-tx
TX-000400,ACC_000479,ACC_000051,3418413,IDR,IDR,2025-09-11T04:53:13.435811+00:00Z,poc-tx
TX-000401,ACC_000405,ACC_000070,24543,SGD,SGD,2025-09-14T16:24:31.435826+00:00Z,poc-tx
TX-000402,ACC_000565,ACC_000992,87088,SGD,SGD,2025-09-13T04:43:46.435843+00:00Z,poc-tx
TX-000403,ACC_000338,ACC_000247,47266,SGD,IDR,2025-09-12T22:13:42.435857+00:00Z,poc-tx
TX-000404,ACC_000167,ACC_000651,96831,SGD,SGD,2025-09-14T21:59:04.435867+00:00Z,poc-tx
TX-000405,ACC_000286,ACC_000279,65744,SGD,SGD,2025-09-14T01:48:42.435879+00:00Z,poc-tx
TX-000406,ACC_000811,ACC_000635,94538,SGD,IDR,2025-09-14T22:09:33.435902+00:00Z,poc-tx
TX-000407,ACC_000677,ACC_000035,177742,USD,USD,2025-09-10T06:00:34.435922+00:00Z,poc-tx
TX-000408,ACC_000152,ACC_000919,1034420,IDR,IDR,2025-09-10T16:07:55.435931+00:00Z,poc-tx
TX-000409,ACC_000626,ACC_000851,3402445,IDR,SGD,2025-09-11T21:51:41.435950+00:00Z,poc-tx
TX-000410,ACC_000547,ACC_000421,1763,USD,SGD,2025-09-11T11:16:42.435968+00:00Z,poc-tx
TX-000411,ACC_000027,ACC_000124,2040012,IDR,USD,2025-09-12T10:47:30.435975+00:00Z,poc-tx
TX-000412,ACC_000539,ACC_000958,19018,USD,SGD,2025-09-12T08:01:12.435992+00:00Z,poc-tx
TX-000413,ACC_000999,ACC_000936,1653642,IDR,IDR,2025-09-12T01:06:57.436019+00:00Z,poc-tx
TX-000414,ACC_000566,ACC_000106,3385092,IDR,USD,2025-09-15T21:57:01.436036+00:00Z,poc-tx
TX-000415,ACC_000426,ACC_000410,53388,SGD,SGD,2025-09-10T16:01:44.436051+00:00Z,poc-tx
TX-000416,ACC_000492,ACC_000675,37641,USD,IDR,2025-09-11T05:47:41.436069+00:00Z,poc-tx
TX-000417,ACC_000019,ACC_000042,41079,SGD,SGD,2025-09-13T22:35:47.436075+00:00Z,poc-tx
TX-000418,ACC_000553,ACC_000036,195225,USD,SGD,2025-09-13T16:43:41.436093+00:00Z,poc-tx
TX-000419,ACC_000506,ACC_000543,189283,USD,USD,2025-09-13T13:51:41.436110+00:00Z,poc-tx
TX-000420,ACC_000433,ACC_000600,2111,SGD,USD,2025-09-10T11:23:28.436125+00:00Z,poc-tx
TX-000421,ACC_000679,ACC_000540,4150992,IDR,IDR,2025-09-15T17:59:36.436145+00:00Z,poc-tx
TX-000422,ACC_000591,ACC_000102,100507,SGD,USD,2025-09-15T04:48:06.436163+00:00Z,poc-tx
TX-000423,ACC_000443,ACC_000339,2740664,IDR,IDR,2025-09-16T03:47:18.436179+00:00Z,poc-tx
TX-000424,ACC_000277,ACC_000846,15352,SGD,SGD,2025-09-14T02:53:20.436191+00:00Z,poc-tx
TX-000425,ACC_000339,ACC_000484,4176,USD,IDR,2025-09-14T00:22:14.436204+00:00Z,poc-tx
TX-000426,ACC_000339,ACC_000521,16175,USD,USD,2025-09-15T19:47:48.436218+00:00Z,poc-tx
TX-000427,ACC_000922,ACC_000191,99075,SGD,SGD,2025-09-12T06:32:20.436242+00:00Z,poc-tx
TX-000428,ACC_000962,ACC_000336,2228,SGD,IDR,2025-09-15T05:14:38.436268+00:00Z,poc-tx
TX-000429,ACC_000768,ACC_000557,2668543,IDR,IDR,2025-09-16T09:26:03.436289+00:00Z,poc-tx
TX-000430,ACC_000930,ACC_000059,139568,SGD,SGD,2025-09-13T08:07:28.436313+00:00Z,poc-tx
TX-000431,ACC_000148,ACC_000231,1763544,IDR,IDR,2025-09-13T07:45:06.436323+00:00Z,poc-tx
TX-000432,ACC_000901,ACC_000822,1024324,IDR,IDR,2025-09-14T11:02:03.436347+00:00Z,poc-tx
TX-000433,ACC_000703,ACC_000793,96778,SGD,SGD,2025-09-15T12:28:44.436367+00:00Z,poc-tx
TX-000434,ACC_000945,ACC_000178,39900,USD,USD,2025-09-16T10:45:40.436392+00:00Z,poc-tx
TX-000435,ACC_000145,ACC_000339,3199299,IDR,IDR,2025-09-14T01:48:00.436401+00:00Z,poc-tx
TX-000436,ACC_000253,ACC_000709,2029489,IDR,IDR,2025-09-15T15:36:48.436412+00:00Z,poc-tx
TX-000437,ACC_000245,ACC_000139,73749,SGD,SGD,2025-09-11T09:48:02.436423+00:00Z,poc-tx
TX-000438,ACC_000752,ACC_000594,1313532,IDR,IDR,2025-09-10T16:02:17.436445+00:00Z,poc-tx
TX-000439,ACC_000971,ACC_000671,2507659,IDR,IDR,2025-09-13T17:53:43.436470+00:00Z,poc-tx
TX-000440,ACC_000013,ACC_000620,102750,USD,USD,2025-09-15T01:37:45.436477+00:00Z,poc-tx
TX-000441,ACC_000859,ACC_000032,181887,USD,SGD,2025-09-09T18:51:00.436500+00:00Z,poc-tx
TX-000442,ACC_000014,ACC_000827,62939,SGD,IDR,2025-09-11T21:56:43.436508+00:00Z,poc-tx
TX-000443,ACC_000493,ACC_000541,1070126,IDR,IDR,2025-09-14T03:11:13.436524+00:00Z,poc-tx
TX-000444,ACC_000298,ACC_000654,109395,SGD,SGD,2025-09-12T06:44:39.436536+00:00Z,poc-tx
TX-000445,ACC_000695,ACC_000795,1521003,IDR,IDR,2025-09-11T00:10:42.436556+00:00Z,poc-tx
TX-000446,ACC_000041,ACC_000800,11124,SGD,SGD,2025-09-15T23:30:30.436563+00:00Z,poc-tx
TX-000447,ACC_000204,ACC_000203,130146,SGD,IDR,2025-09-14T01:16:51.436574+00:00Z,poc-tx
TX-000448,ACC_000402,ACC_000218,198985,USD,USD,2025-09-16T05:52:23.436588+00:00Z,poc-tx
TX-000449,ACC_000432,ACC_000023,1142427,IDR,IDR,2025-09-11T23:55:54.436603+00:00Z,poc-tx
TX-000450,ACC_000100,ACC_000920,79078,USD,IDR,2025-09-10T17:28:48.436612+00:00Z,poc-tx
TX-000451,ACC_000570,ACC_000773,196095,USD,SGD,2025-09-12T05:48:06.436631+00:00Z,poc-tx
TX-000452,ACC_000697,ACC_000942,191003,USD,USD,2025-09-11T12:43:35.436651+00:00Z,poc-tx
TX-000453,ACC_000832,ACC_000891,4444296,IDR,IDR,2025-09-13T14:38:35.436673+00:00Z,poc-tx
TX-000454,ACC_000014,ACC_000251,97564,SGD,SGD,2025-09-11T06:45:48.436680+00:00Z,poc-tx
TX-000455,ACC_000804,ACC_000888,88154,USD,USD,2025-09-13T16:03:21.436702+00:00Z,poc-tx
TX-000456,ACC_000192,ACC_000947,4450785,IDR,IDR,2025-09-14T22:50:14.436712+00:00Z,poc-tx
TX-000457,ACC_000966,ACC_000897,95530,SGD,SGD,2025-09-10T21:43:51.436737+00:00Z,poc-tx
TX-000458,ACC_000027,ACC_000134,1547011,IDR,IDR,2025-09-16T08:46:24.436744+00:00Z,poc-tx
TX-000459,ACC_000017,ACC_000602,16351,USD,SGD,2025-09-15T16:33:46.436751+00:00Z,poc-tx
TX-000460,ACC_000004,ACC_000798,35638,SGD,SGD,2025-09-13T07:50:17.436758+00:00Z,poc-tx
TX-000461,ACC_000012,ACC_000589,1792263,IDR,SGD,2025-09-10T20:36:20.436774+00:00Z,poc-tx
TX-000462,ACC_000875,ACC_000860,183807,USD,USD,2025-09-11T22:14:35.436799+00:00Z,poc-tx
TX-000463,ACC_000282,ACC_000920,3805252,IDR,USD,2025-09-11T04:13:18.436811+00:00Z,poc-tx
TX-000464,ACC_000066,ACC_000216,44519,USD,IDR,2025-09-14T18:37:23.436820+00:00Z,poc-tx
TX-000465,ACC_000804,ACC_000575,34823,USD,USD,2025-09-14T12:19:42.436842+00:00Z,poc-tx
TX-000466,ACC_000110,ACC_000218,147311,USD,USD,2025-09-13T21:30:22.436850+00:00Z,poc-tx
TX-000467,ACC_000131,ACC_000096,114800,SGD,USD,2025-09-15T19:01:23.436860+00:00Z,poc-tx
TX-000468,ACC_000663,ACC_000052,4598988,IDR,IDR,2025-09-12T12:30:37.436879+00:00Z,poc-tx
TX-000469,ACC_000385,ACC_000002,3772683,IDR,IDR,2025-09-14T02:59:05.436893+00:00Z,poc-tx
TX-000470,ACC_000699,ACC_000002,174177,USD,USD,2025-09-10T14:02:49.436914+00:00Z,poc-tx
TX-000471,ACC_000658,ACC_000188,168378,IDR,IDR,2025-09-11T00:55:42.436933+00:00Z,poc-tx
TX-000472,ACC_000365,ACC_000157,167707,USD,USD,2025-09-14T10:42:45.436946+00:00Z,poc-tx
TX-000473,ACC_000334,ACC_000366,31863,SGD,SGD,2025-09-10T07:54:32.436959+00:00Z,poc-tx
TX-000474,ACC_000443,ACC_000008,852439,IDR,IDR,2025-09-15T02:46:40.436975+00:00Z,poc-tx
TX-000475,ACC_000273,ACC_000248,1443384,IDR,IDR,2025-09-13T17:35:30.436987+00:00Z,poc-tx
TX-000476,ACC_000506,ACC_000872,70179,USD,USD,2025-09-12T06:18:15.437003+00:00Z,poc-tx
TX-000477,ACC_000631,ACC_000430,73254,SGD,SGD,2025-09-13T16:04:02.437022+00:00Z,poc-tx
TX-000478,ACC_000015,ACC_000036,1940669,IDR,SGD,2025-09-13T18:04:31.437029+00:00Z,poc-tx
TX-000479,ACC_000953,ACC_000792,1660267,IDR,IDR,2025-09-10T23:30:14.437054+00:00Z,poc-tx
TX-000480,ACC_000673,ACC_000251,4524643,IDR,IDR,2025-09-10T15:22:59.437074+00:00Z,poc-tx
TX-000481,ACC_000999,ACC_000789,2764208,IDR,IDR,2025-09-13T17:26:34.437099+00:00Z,poc-tx
TX-000482,ACC_000972,ACC_000593,774036,IDR,IDR,2025-09-16T10:35:18.437125+00:00Z,poc-tx
TX-000483,ACC_000237,ACC_000996,155146,USD,USD,2025-09-12T18:33:30.437136+00:00Z,poc-tx
TX-000484,ACC_000065,ACC_000815,396155,IDR,IDR,2025-09-12T22:17:04.437144+00:00Z,poc-tx
TX-000485,ACC_000030,ACC_000105,79260,SGD,SGD,2025-09-10T19:29:31.437151+00:00Z,poc-tx
TX-000486,ACC_000716,ACC_000575,193449,USD,USD,2025-09-12T01:42:30.437171+00:00Z,poc-tx
TX-000487,ACC_000247,ACC_000728,15585,SGD,IDR,2025-09-13T10:25:50.437183+00:00Z,poc-tx
TX-000488,ACC_000910,ACC_000985,108874,IDR,SGD,2025-09-10T00:30:15.437208+00:00Z,poc-tx
TX-000489,ACC_000715,ACC_000643,3894520,IDR,IDR,2025-09-10T09:21:42.437228+00:00Z,poc-tx
TX-000490,ACC_000376,ACC_000422,2533491,IDR,IDR,2025-09-14T07:33:35.437242+00:00Z,poc-tx
TX-000491,ACC_000675,ACC_000559,13895,USD,IDR,2025-09-15T22:00:00.437274+00:00Z,poc-tx
TX-000492,ACC_000051,ACC_000845,18220,USD,USD,2025-09-13T07:07:22.437288+00:00Z,poc-tx
TX-000493,ACC_000956,ACC_000568,141849,USD,SGD,2025-09-12T01:43:17.437315+00:00Z,poc-tx
TX-000494,ACC_000361,ACC_000582,81103,SGD,IDR,2025-09-10T17:56:00.437329+00:00Z,poc-tx
TX-000495,ACC_000848,ACC_000033,167152,USD,USD,2025-09-15T01:36:48.437352+00:00Z,poc-tx
TX-000496,ACC_000531,ACC_000475,92071,SGD,SGD,2025-09-16T00:58:18.437369+00:00Z,poc-tx
TX-000497,ACC_000744,ACC_000683,173491,USD,USD,2025-09-09T21:24:06.437390+00:00Z,poc-tx
TX-000498,ACC_000530,ACC_000287,1197061,IDR,IDR,2025-09-12T03:13:20.437407+00:00Z,poc-tx
TX-000499,ACC_000633,ACC_000272,3681978,IDR,IDR,2025-09-15T16:44:59.437426+00:00Z,poc-tx
TX-000500,ACC_000422,ACC_000590,9136,USD,USD,2025-09-11T08:55:15.437446+00:00Z,poc-tx
TX-000501,ACC_000566,ACC_000072,3157737,IDR,IDR,2025-09-14T01:26:49.437542+00:00Z,poc-tx
TX-000502,ACC_000702,ACC_000729,28650,USD,IDR,2025-09-13T01:14:24.437583+00:00Z,poc-tx
TX-000503,ACC_000444,ACC_000790,64379,SGD,SGD,2025-09-12T02:54:53.437612+00:00Z,poc-tx
TX-000504,ACC_000422,ACC_000125,98259,USD,USD,2025-09-11T01:36:46.437630+00:00Z,poc-tx
TX-000505,ACC_000132,ACC_000840,1723152,IDR,USD,2025-09-12T08:35:19.437640+00:00Z,poc-tx
TX-000506,ACC_000872,ACC_000087,69260,SGD,USD,2025-09-09T20:50:04.437664+00:00Z,poc-tx
TX-000507,ACC_000304,ACC_000467,93490,USD,IDR,2025-09-12T05:58:19.437678+00:00Z,poc-tx
TX-000508,ACC_000593,ACC_000614,131474,SGD,SGD,2025-09-13T03:50:26.437696+00:00Z,poc-tx
TX-000509,ACC_000387,ACC_000101,47372,SGD,SGD,2025-09-11T15:56:49.437710+00:00Z,poc-tx
TX-000510,ACC_000058,ACC_000430,188853,USD,SGD,2025-09-10T11:41:36.437719+00:00Z,poc-tx
TX-000511,ACC_000752,ACC_000698,3631049,IDR,IDR,2025-09-10T14:21:31.437740+00:00Z,poc-tx
TX-000512,ACC_000315,ACC_000005,363974,IDR,IDR,2025-09-14T15:10:59.437758+00:00Z,poc-tx
TX-000513,ACC_000395,ACC_000031,101499,USD,USD,2025-09-15T20:58:20.437783+00:00Z,poc-tx
TX-000514,ACC_000024,ACC_000744,151388,USD,SGD,2025-09-15T05:31:51.437797+00:00Z,poc-tx
TX-000515,ACC_000027,ACC_000440,4459693,IDR,USD,2025-09-14T18:41:52.437812+00:00Z,poc-tx
TX-000516,ACC_000796,ACC_000200,53595,SGD,SGD,2025-09-10T08:48:44.437850+00:00Z,poc-tx
TX-000517,ACC_000407,ACC_000577,125459,USD,USD,2025-09-10T08:21:33.437869+00:00Z,poc-tx
TX-000518,ACC_000960,ACC_000017,2734762,IDR,IDR,2025-09-15T08:07:38.437895+00:00Z,poc-tx
TX-000519,ACC_000292,ACC_000538,95391,SGD,SGD,2025-09-12T18:20:25.437908+00:00Z,poc-tx
TX-000520,ACC_000397,ACC_000704,1347619,IDR,SGD,2025-09-15T17:02:29.437923+00:00Z,poc-tx
TX-000521,ACC_000185,ACC_000284,4821375,IDR,USD,2025-09-11T13:06:54.437933+00:00Z,poc-tx
TX-000522,ACC_000977,ACC_000061,124064,USD,USD,2025-09-13T12:09:29.437960+00:00Z,poc-tx
TX-000523,ACC_000806,ACC_000570,109661,SGD,SGD,2025-09-10T18:48:50.437982+00:00Z,poc-tx
TX-000524,ACC_000729,ACC_000163,123496,SGD,IDR,2025-09-15T14:19:05.438003+00:00Z,poc-tx
TX-000525,ACC_000572,ACC_000422,2609821,IDR,IDR,2025-09-14T19:04:17.438021+00:00Z,poc-tx
TX-000526,ACC_000217,ACC_000818,72501,SGD,IDR,2025-09-11T07:38:08.438032+00:00Z,poc-tx
TX-000527,ACC_000737,ACC_000466,55692,SGD,SGD,2025-09-13T00:11:52.438053+00:00Z,poc-tx
TX-000528,ACC_000702,ACC_000911,44907,USD,USD,2025-09-09T18:37:58.438074+00:00Z,poc-tx
TX-000529,ACC_000484,ACC_000844,2670509,IDR,IDR,2025-09-12T11:33:50.438089+00:00Z,poc-tx
TX-000530,ACC_000604,ACC_000742,22062,USD,USD,2025-09-15T13:24:42.438108+00:00Z,poc-tx
TX-000531,ACC_000789,ACC_000535,96339,USD,USD,2025-09-14T22:44:19.438136+00:00Z,poc-tx
TX-000532,ACC_000290,ACC_000734,613106,IDR,IDR,2025-09-11T03:39:16.438156+00:00Z,poc-tx
TX-000533,ACC_000019,ACC_000951,32726,SGD,SGD,2025-09-10T00:23:15.438169+00:00Z,poc-tx
TX-000534,ACC_000859,ACC_000467,89017,USD,USD,2025-09-11T12:56:33.438197+00:00Z,poc-tx
TX-000535,ACC_000786,ACC_000794,42418,USD,USD,2025-09-11T20:37:13.438225+00:00Z,poc-tx
TX-000536,ACC_000765,ACC_000532,62597,SGD,SGD,2025-09-12T10:47:41.438258+00:00Z,poc-tx
TX-000537,ACC_000979,ACC_000674,2024744,IDR,USD,2025-09-15T23:04:27.438303+00:00Z,poc-tx
TX-000538,ACC_000495,ACC_000709,277349,IDR,IDR,2025-09-14T09:34:53.438343+00:00Z,poc-tx
TX-000539,ACC_000971,ACC_000689,4749677,IDR,IDR,2025-09-16T04:27:53.438371+00:00Z,poc-tx
TX-000540,ACC_000494,ACC_000315,88127,SGD,SGD,2025-09-12T15:06:51.438387+00:00Z,poc-tx
TX-000541,ACC_000728,ACC_000632,3718086,IDR,IDR,2025-09-13T03:42:44.438408+00:00Z,poc-tx
TX-000542,ACC_000092,ACC_000657,3914805,IDR,IDR,2025-09-13T03:24:31.438417+00:00Z,poc-tx
TX-000543,ACC_000352,ACC_000615,3641354,IDR,USD,2025-09-13T14:55:55.438431+00:00Z,poc-tx
TX-000544,ACC_000694,ACC_000839,99087,SGD,SGD,2025-09-15T12:25:29.438451+00:00Z,poc-tx
TX-000545,ACC_000277,ACC_000174,52788,SGD,SGD,2025-09-14T17:42:49.438463+00:00Z,poc-tx
TX-000546,ACC_000351,ACC_000871,110414,SGD,IDR,2025-09-15T02:44:26.438477+00:00Z,poc-tx
TX-000547,ACC_000258,ACC_000225,108419,USD,USD,2025-09-14T17:42:10.438489+00:00Z,poc-tx
TX-000548,ACC_000354,ACC_000063,4631693,IDR,IDR,2025-09-11T21:32:04.438503+00:00Z,poc-tx
TX-000549,ACC_000970,ACC_000689,3840830,IDR,IDR,2025-09-14T23:54:03.438529+00:00Z,poc-tx
TX-000550,ACC_000037,ACC_000358,29073,SGD,SGD,2025-09-15T15:04:05.438536+00:00Z,poc-tx
TX-000551,ACC_000369,ACC_000607,4998965,IDR,IDR,2025-09-14T20:59:09.438550+00:00Z,poc-tx
TX-000552,ACC_000736,ACC_000557,2920306,IDR,IDR,2025-09-14T16:30:20.438571+00:00Z,poc-tx
TX-000553,ACC_000530,ACC_000253,4315539,IDR,IDR,2025-09-14T21:25:22.438612+00:00Z,poc-tx
TX-000554,ACC_000454,ACC_000063,2258072,IDR,IDR,2025-09-15T15:13:52.438629+00:00Z,poc-tx
TX-000555,ACC_000282,ACC_000615,1492721,IDR,SGD,2025-09-13T17:23:49.438642+00:00Z,poc-tx
TX-000556,ACC_000406,ACC_000628,176814,USD,USD,2025-09-15T23:19:19.438656+00:00Z,poc-tx
TX-000557,ACC_000241,ACC_000800,26065,SGD,IDR,2025-09-13T18:50:52.438668+00:00Z,poc-tx
TX-000558,ACC_000290,ACC_000072,2956836,IDR,SGD,2025-09-14T16:37:21.438681+00:00Z,poc-tx
TX-000559,ACC_000782,ACC_000707,68745,SGD,USD,2025-09-16T02:23:05.438703+00:00Z,poc-tx
TX-000560,ACC_000374,ACC_000167,171958,USD,USD,2025-09-11T18:16:58.438717+00:00Z,poc-tx
TX-000561,ACC_000014,ACC_000637,23976,SGD,SGD,2025-09-10T19:25:37.438724+00:00Z,poc-tx
TX-000562,ACC_000871,ACC_000124,126087,SGD,SGD,2025-09-09T16:52:57.438748+00:00Z,poc-tx
TX-000563,ACC_000689,ACC_000551,130033,IDR,IDR,2025-09-11T03:19:29.438768+00:00Z,poc-tx
TX-000564,ACC_000794,ACC_000036,115038,USD,USD,2025-09-14T03:42:08.438790+00:00Z,poc-tx
TX-000565,ACC_000094,ACC_000360,18593,USD,USD,2025-09-10T14:12:21.438799+00:00Z,poc-tx
TX-000566,ACC_000126,ACC_000484,144251,USD,SGD,2025-09-12T08:22:55.438809+00:00Z,poc-tx
TX-000567,ACC_000916,ACC_000669,1872256,IDR,USD,2025-09-13T14:45:07.438834+00:00Z,poc-tx
TX-000568,ACC_000433,ACC_000569,59850,SGD,SGD,2025-09-11T20:29:03.438849+00:00Z,poc-tx
TX-000569,ACC_000651,ACC_000681,2770,SGD,SGD,2025-09-12T14:30:12.438897+00:00Z,poc-tx
TX-000570,ACC_000385,ACC_000589,3840119,IDR,IDR,2025-09-11T12:05:44.438911+00:00Z,poc-tx
TX-000571,ACC_000953,ACC_000975,1783757,IDR,IDR,2025-09-11T20:23:51.438937+00:00Z,poc-tx
TX-000572,ACC_000838,ACC_000775,144378,USD,USD,2025-09-12T18:45:04.438960+00:00Z,poc-tx
TX-000573,ACC_000620,ACC_000175,120532,SGD,SGD,2025-09-10T02:54:51.438979+00:00Z,poc-tx
TX-000574,ACC_000982,ACC_000987,427904,IDR,IDR,2025-09-15T15:24:45.439005+00:00Z,poc-tx
TX-000575,ACC_000835,ACC_000712,141562,USD,USD,2025-09-13T16:53:27.439028+00:00Z,poc-tx
TX-000576,ACC_000360,ACC_000789,4860047,IDR,IDR,2025-09-13T17:10:30.439042+00:00Z,poc-tx
TX-000577,ACC_000250,ACC_000973,104245,SGD,SGD,2025-09-10T14:25:48.439054+00:00Z,poc-tx
TX-000578,ACC_000764,ACC_000054,3962411,IDR,IDR,2025-09-12T15:39:50.439102+00:00Z,poc-tx
TX-000579,ACC_000318,ACC_000492,134562,SGD,USD,2025-09-09T14:30:42.439123+00:00Z,poc-tx
TX-000580,ACC_000764,ACC_000672,146713,IDR,IDR,2025-09-10T18:50:39.439146+00:00Z,poc-tx
TX-000581,ACC_000622,ACC_000731,1233332,IDR,IDR,2025-09-13T23:47:30.439165+00:00Z,poc-tx
TX-000582,ACC_000232,ACC_000849,91434,SGD,SGD,2025-09-11T15:01:16.439176+00:00Z,poc-tx
TX-000583,ACC_000073,ACC_000997,3594593,IDR,IDR,2025-09-14T14:01:58.439184+00:00Z,poc-tx
TX-000584,ACC_000631,ACC_000474,7947,SGD,SGD,2025-09-11T08:00:26.439203+00:00Z,poc-tx
TX-000585,ACC_000264,ACC_000290,3810265,IDR,USD,2025-09-12T15:35:14.439216+00:00Z,poc-tx
TX-000586,ACC_000493,ACC_000451,3591765,IDR,IDR,2025-09-15T11:35:48.439232+00:00Z,poc-tx
TX-000587,ACC_000298,ACC_000986,87922,SGD,SGD,2025-09-14T16:09:50.439245+00:00Z,poc-tx
TX-000588,ACC_000402,ACC_000023,56913,USD,USD,2025-09-09T18:21:44.439270+00:00Z,poc-tx
TX-000589,ACC_000425,ACC_000221,73326,SGD,SGD,2025-09-16T01:43:24.439293+00:00Z,poc-tx
TX-000590,ACC_000837,ACC_000571,132241,USD,USD,2025-09-15T05:44:51.439318+00:00Z,poc-tx
TX-000591,ACC_000454,ACC_000315,1485927,IDR,IDR,2025-09-15T15:06:58.439334+00:00Z,poc-tx
TX-000592,ACC_000250,ACC_000781,81926,SGD,SGD,2025-09-14T23:04:03.439346+00:00Z,poc-tx
TX-000593,ACC_000324,ACC_000554,143780,USD,USD,2025-09-12T06:31:20.439359+00:00Z,poc-tx
TX-000594,ACC_000352,ACC_000149,2326116,IDR,IDR,2025-09-13T13:25:15.439373+00:00Z,poc-tx
TX-000595,ACC_000549,ACC_000785,169709,USD,USD,2025-09-15T07:43:11.439391+00:00Z,poc-tx
TX-000596,ACC_000508,ACC_000491,102543,USD,USD,2025-09-15T23:49:35.439407+00:00Z,poc-tx
TX-000597,ACC_000290,ACC_000872,4571232,IDR,USD,2025-09-16T09:52:22.439421+00:00Z,poc-tx
TX-000598,ACC_000407,ACC_000221,63088,USD,USD,2025-09-12T06:23:06.439436+00:00Z,poc-tx
TX-000599,ACC_000029,ACC_000473,51121,USD,IDR,2025-09-13T08:19:05.439444+00:00Z,poc-tx
TX-000600,ACC_000527,ACC_000440,17009,SGD,SGD,2025-09-11T06:33:31.439460+00:00Z,poc-tx
TX-000601,ACC_000611,ACC_000061,156934,USD,USD,2025-09-13T19:14:01.439479+00:00Z,poc-tx
TX-000602,ACC_000570,ACC_000150,120077,USD,IDR,2025-09-15T21:20:22.439497+00:00Z,poc-tx
TX-000603,ACC_000048,ACC_000637,41898,SGD,SGD,2025-09-10T03:46:36.439504+00:00Z,poc-tx
TX-000604,ACC_000617,ACC_000142,76429,USD,USD,2025-09-12T07:12:54.439523+00:00Z,poc-tx
TX-000605,ACC_000902,ACC_000024,180738,USD,USD,2025-09-10T07:51:11.439547+00:00Z,poc-tx
TX-000606,ACC_000861,ACC_000617,93349,SGD,SGD,2025-09-10T05:09:03.439574+00:00Z,poc-tx
TX-000607,ACC_000858,ACC_000657,1955593,IDR,IDR,2025-09-13T10:00:05.439597+00:00Z,poc-tx
TX-000608,ACC_000926,ACC_000401,94358,SGD,SGD,2025-09-11T10:06:25.439623+00:00Z,poc-tx
TX-000609,ACC_000650,ACC_000116,85529,USD,USD,2025-09-13T20:31:49.439642+00:00Z,poc-tx
TX-000610,ACC_000918,ACC_000240,818413,IDR,IDR,2025-09-14T17:52:31.439666+00:00Z,poc-tx
TX-000611,ACC_000700,ACC_000868,94675,SGD,SGD,2025-09-14T12:34:50.439686+00:00Z,poc-tx
TX-000612,ACC_000188,ACC_000246,2318772,IDR,IDR,2025-09-12T13:57:49.439697+00:00Z,poc-tx
TX-000613,ACC_000696,ACC_000509,103830,SGD,IDR,2025-09-12T11:49:35.439718+00:00Z,poc-tx
TX-000614,ACC_000627,ACC_000136,5724,USD,SGD,2025-09-15T18:02:52.439739+00:00Z,poc-tx
TX-000615,ACC_000973,ACC_000557,22830,SGD,IDR,2025-09-11T13:41:20.439765+00:00Z,poc-tx
TX-000616,ACC_000632,ACC_000412,154160,USD,USD,2025-09-11T04:20:34.439784+00:00Z,poc-tx
TX-000617,ACC_000509,ACC_000416,109175,SGD,SGD,2025-09-10T21:22:43.439800+00:00Z,poc-tx
TX-000618,ACC_000560,ACC_000936,24652,USD,SGD,2025-09-16T09:58:59.439818+00:00Z,poc-tx
TX-000619,ACC_000525,ACC_000642,4764770,IDR,IDR,2025-09-13T23:26:46.439835+00:00Z,poc-tx
TX-000620,ACC_000618,ACC_000509,4585206,IDR,IDR,2025-09-11T18:45:07.439854+00:00Z,poc-tx
TX-000621,ACC_000721,ACC_000436,123487,USD,USD,2025-09-11T08:24:20.439874+00:00Z,poc-tx
TX-000622,ACC_000521,ACC_000577,56454,SGD,SGD,2025-09-11T04:54:45.439891+00:00Z,poc-tx
TX-000623,ACC_000318,ACC_000514,60165,SGD,USD,2025-09-16T07:33:14.439904+00:00Z,poc-tx
TX-000624,ACC_000442,ACC_000768,140221,USD,USD,2025-09-10T12:54:42.439920+00:00Z,poc-tx
TX-000625,ACC_000940,ACC_000367,43614,USD,USD,2025-09-15T14:29:27.439945+00:00Z,poc-tx
TX-000626,ACC_000832,ACC_000738,1324019,IDR,USD,2025-09-09T18:14:55.439968+00:00Z,poc-tx
TX-000627,ACC_000554,ACC_000003,127586,SGD,SGD,2025-09-15T16:27:14.439986+00:00Z,poc-tx
TX-000628,ACC_000362,ACC_000988,150445,USD,IDR,2025-09-10T01:40:00.439999+00:00Z,poc-tx
TX-000629,ACC_000216,ACC_000380,45442,SGD,SGD,2025-09-09T23:03:32.440011+00:00Z,poc-tx
TX-000630,ACC_000329,ACC_000669,117939,SGD,IDR,2025-09-12T12:38:07.440024+00:00Z,poc-tx
TX-000631,ACC_000337,ACC_000408,4581685,IDR,IDR,2025-09-15T18:27:31.440037+00:00Z,poc-tx
TX-000632,ACC_000753,ACC_000453,32859,SGD,IDR,2025-09-11T01:26:21.440059+00:00Z,poc-tx
TX-000633,ACC_000400,ACC_000029,2632468,IDR,IDR,2025-09-14T03:08:13.440074+00:00Z,poc-tx
TX-000634,ACC_000192,ACC_000798,3412428,IDR,IDR,2025-09-10T07:53:36.440084+00:00Z,poc-tx
TX-000635,ACC_000993,ACC_000121,89498,SGD,IDR,2025-09-13T17:30:33.440124+00:00Z,poc-tx
TX-000636,ACC_000661,ACC_000836,1342130,IDR,IDR,2025-09-11T14:19:20.440144+00:00Z,poc-tx
TX-000637,ACC_000779,ACC_000847,151370,USD,USD,2025-09-11T08:20:31.440166+00:00Z,poc-tx
TX-000638,ACC_000053,ACC_000267,65679,USD,IDR,2025-09-16T06:39:56.440174+00:00Z,poc-tx
TX-000639,ACC_000265,ACC_000759,13884,USD,IDR,2025-09-13T14:27:01.440186+00:00Z,poc-tx
TX-000640,ACC_000944,ACC_000588,106057,SGD,USD,2025-09-10T08:38:08.440212+00:00Z,poc-tx
TX-000641,ACC_000746,ACC_000298,37362,USD,USD,2025-09-12T19:18:29.440233+00:00Z,poc-tx
TX-000642,ACC_000912,ACC_000808,142378,USD,USD,2025-09-13T16:40:59.440257+00:00Z,poc-tx
TX-000643,ACC_000320,ACC_000665,88674,SGD,SGD,2025-09-15T14:53:50.440270+00:00Z,poc-tx
TX-000644,ACC_000162,ACC_000964,2044491,IDR,IDR,2025-09-12T11:38:56.440280+00:00Z,poc-tx
TX-000645,ACC_000146,ACC_000599,174950,USD,IDR,2025-09-10T10:52:49.440307+00:00Z,poc-tx
TX-000646,ACC_000165,ACC_000106,30922,USD,SGD,2025-09-11T21:39:44.440332+00:00Z,poc-tx
TX-000647,ACC_000566,ACC_000812,538214,IDR,IDR,2025-09-16T00:22:24.440349+00:00Z,poc-tx
TX-000648,ACC_000041,ACC_000721,50494,SGD,SGD,2025-09-16T03:25:10.440357+00:00Z,poc-tx
TX-000649,ACC_000079,ACC_000208,163579,USD,USD,2025-09-12T06:17:51.440365+00:00Z,poc-tx
TX-000650,ACC_000870,ACC_000919,96970,SGD,SGD,2025-09-12T20:16:21.440389+00:00Z,poc-tx
TX-000651,ACC_000294,ACC_000818,76513,SGD,IDR,2025-09-14T17:36:41.440401+00:00Z,poc-tx
TX-000652,ACC_000286,ACC_000774,147281,SGD,SGD,2025-09-14T07:29:50.440413+00:00Z,poc-tx
TX-000653,ACC_000902,ACC_000348,100912,USD,USD,2025-09-09T18:20:50.440437+00:00Z,poc-tx
TX-000654,ACC_000374,ACC_000902,180206,USD,SGD,2025-09-14T00:00:40.440452+00:00Z,poc-tx
TX-000655,ACC_000609,ACC_000867,73298,SGD,SGD,2025-09-14T11:52:06.440470+00:00Z,poc-tx
TX-000656,ACC_000656,ACC_000409,1826652,IDR,IDR,2025-09-15T23:55:57.440489+00:00Z,poc-tx
TX-000657,ACC_000139,ACC_000680,114159,SGD,SGD,2025-09-11T23:44:05.440499+00:00Z,poc-tx
TX-000658,ACC_000812,ACC_000870,591803,IDR,IDR,2025-09-13T15:40:07.440521+00:00Z,poc-tx
TX-000659,ACC_000863,ACC_000792,3958473,IDR,IDR,2025-09-12T03:48:19.440545+00:00Z,poc-tx
TX-000660,ACC_000970,ACC_000610,3030278,IDR,SGD,2025-09-15T01:26:33.440570+00:00Z,poc-tx
TX-000661,ACC_000477,ACC_000166,12407,USD,SGD,2025-09-11T06:03:51.440587+00:00Z,poc-tx
TX-000662,ACC_000720,ACC_000498,164311,USD,USD,2025-09-10T10:11:29.440608+00:00Z,poc-tx
TX-000663,ACC_000615,ACC_000801,29148,SGD,SGD,2025-09-13T20:46:05.440626+00:00Z,poc-tx
TX-000664,ACC_000921,ACC_000838,69083,USD,USD,2025-09-14T07:30:51.440650+00:00Z,poc-tx
TX-000665,ACC_000484,ACC_000940,1044408,IDR,IDR,2025-09-13T02:27:57.440666+00:00Z,poc-tx
TX-000666,ACC_000735,ACC_000556,24671,USD,IDR,2025-09-12T21:15:06.440688+00:00Z,poc-tx
TX-000667,ACC_000282,ACC_000560,2920135,IDR,IDR,2025-09-16T07:57:52.440700+00:00Z,poc-tx
TX-000668,ACC_000366,ACC_000154,81448,SGD,SGD,2025-09-13T02:06:38.440714+00:00Z,poc-tx
TX-000669,ACC_000297,ACC_000052,9249,SGD,SGD,2025-09-14T11:57:24.440726+00:00Z,poc-tx
TX-000670,ACC_000351,ACC_000825,77433,SGD,SGD,2025-09-10T08:10:50.440740+00:00Z,poc-tx
TX-000671,ACC_000157,ACC_000332,4882353,IDR,USD,2025-09-13T23:11:18.440750+00:00Z,poc-tx
TX-000672,ACC_000023,ACC_000184,162048,USD,USD,2025-09-13T17:25:50.440757+00:00Z,poc-tx
TX-000673,ACC_000464,ACC_000778,45292,SGD,IDR,2025-09-12T02:25:47.440773+00:00Z,poc-tx
TX-000674,ACC_000656,ACC_000239,3420650,IDR,IDR,2025-09-16T12:49:38.440793+00:00Z,poc-tx
TX-000675,ACC_000822,ACC_000996,41748,SGD,SGD,2025-09-10T22:50:51.440815+00:00Z,poc-tx
TX-000676,ACC_000557,ACC_000752,350916,IDR,IDR,2025-09-11T11:36:25.440833+00:00Z,poc-tx
TX-000677,ACC_000958,ACC_000033,108089,SGD,SGD,2025-09-14T03:12:31.440859+00:00Z,poc-tx
TX-000678,ACC_000512,ACC_000071,57138,SGD,SGD,2025-09-10T09:33:40.440876+00:00Z,poc-tx
TX-000679,ACC_000943,ACC_000328,696571,IDR,IDR,2025-09-15T16:36:18.440901+00:00Z,poc-tx
TX-000680,ACC_000833,ACC_000751,48456,SGD,SGD,2025-09-10T00:16:25.440924+00:00Z,poc-tx
TX-000681,ACC_000915,ACC_000108,153234,USD,USD,2025-09-14T00:59:15.440948+00:00Z,poc-tx
TX-000682,ACC_000178,ACC_000990,158119,USD,IDR,2025-09-11T18:52:08.440959+00:00Z,poc-tx
TX-000683,ACC_000957,ACC_000978,25672,SGD,SGD,2025-09-12T16:41:22.440983+00:00Z,poc-tx
TX-000684,ACC_000881,ACC_000031,4062794,IDR,IDR,2025-09-11T05:24:02.441007+00:00Z,poc-tx
TX-000685,ACC_000494,ACC_000617,84657,SGD,IDR,2025-09-16T06:47:49.441024+00:00Z,poc-tx
TX-000686,ACC_000868,ACC_000988,3217086,IDR,IDR,2025-09-16T03:38:20.441047+00:00Z,poc-tx
TX-000687,ACC_000012,ACC_000882,745045,IDR,USD,2025-09-16T00:00:25.441055+00:00Z,poc-tx
TX-000688,ACC_000078,ACC_000960,74069,SGD,SGD,2025-09-15T14:15:09.441063+00:00Z,poc-tx
TX-000689,ACC_000477,ACC_000703,109327,USD,USD,2025-09-16T02:01:38.441079+00:00Z,poc-tx
TX-000690,ACC_000615,ACC_000951,127082,SGD,SGD,2025-09-13T20:29:28.441097+00:00Z,poc-tx
TX-000691,ACC_000419,ACC_000903,46299,SGD,SGD,2025-09-13T03:10:05.441112+00:00Z,poc-tx
TX-000692,ACC_000497,ACC_000019,145333,USD,USD,2025-09-16T07:20:02.441129+00:00Z,poc-tx
TX-000693,ACC_000430,ACC_000444,71827,USD,USD,2025-09-11T22:08:50.441144+00:00Z,poc-tx
TX-000694,ACC_000918,ACC_000329,1068165,IDR,IDR,2025-09-09T18:30:44.441168+00:00Z,poc-tx
TX-000695,ACC_000253,ACC_000992,522590,IDR,IDR,2025-09-12T14:07:45.441180+00:00Z,poc-tx
TX-000696,ACC_000607,ACC_000516,137336,SGD,USD,2025-09-15T11:57:11.441199+00:00Z,poc-tx
TX-000697,ACC_000528,ACC_000724,67396,SGD,SGD,2025-09-16T10:23:59.441216+00:00Z,poc-tx
TX-000698,ACC_000113,ACC_000443,136927,USD,SGD,2025-09-13T06:38:05.441225+00:00Z,poc-tx
TX-000699,ACC_000353,ACC_000073,141372,SGD,SGD,2025-09-15T12:53:05.441238+00:00Z,poc-tx
TX-000700,ACC_000221,ACC_000501,39314,SGD,SGD,2025-09-09T23:14:13.441249+00:00Z,poc-tx
TX-000701,ACC_000686,ACC_000289,78179,SGD,SGD,2025-09-13T19:24:59.441280+00:00Z,poc-tx
TX-000702,ACC_000125,ACC_000326,194968,USD,IDR,2025-09-11T00:13:27.441296+00:00Z,poc-tx
TX-000703,ACC_000652,ACC_000299,48841,USD,USD,2025-09-15T03:08:10.441316+00:00Z,poc-tx
TX-000704,ACC_000878,ACC_000577,3714965,IDR,IDR,2025-09-12T06:14:04.441340+00:00Z,poc-tx
TX-000705,ACC_000285,ACC_000323,137694,SGD,SGD,2025-09-16T05:56:42.441353+00:00Z,poc-tx
TX-000706,ACC_000421,ACC_000138,100758,SGD,SGD,2025-09-14T22:41:03.441367+00:00Z,poc-tx
TX-000707,ACC_000756,ACC_000772,66937,USD,USD,2025-09-11T17:50:26.441388+00:00Z,poc-tx
TX-000708,ACC_000061,ACC_000460,12241,USD,USD,2025-09-14T05:31:43.441396+00:00Z,poc-tx
TX-000709,ACC_000195,ACC_000652,157682,USD,IDR,2025-09-16T06:36:33.441407+00:00Z,poc-tx
TX-000710,ACC_000152,ACC_000052,4000246,IDR,USD,2025-09-16T08:59:22.441417+00:00Z,poc-tx
TX-000711,ACC_000329,ACC_000220,50584,SGD,IDR,2025-09-14T13:46:15.441431+00:00Z,poc-tx
TX-000712,ACC_000570,ACC_000115,114631,USD,USD,2025-09-10T07:01:28.441448+00:00Z,poc-tx
TX-000713,ACC_000325,ACC_000843,129885,SGD,IDR,2025-09-13T19:47:57.441461+00:00Z,poc-tx
TX-000714,ACC_000149,ACC_000387,146465,SGD,SGD,2025-09-13T23:45:53.441471+00:00Z,poc-tx
TX-000715,ACC_000564,ACC_000160,78717,SGD,SGD,2025-09-14T10:27:02.441489+00:00Z,poc-tx
TX-000716,ACC_000008,ACC_000783,151353,USD,USD,2025-09-14T23:32:06.441495+00:00Z,poc-tx
TX-000717,ACC_000381,ACC_000813,1249129,IDR,USD,2025-09-09T16:38:47.441510+00:00Z,poc-tx
TX-000718,ACC_000774,ACC_000645,1991243,IDR,IDR,2025-09-14T10:38:01.441531+00:00Z,poc-tx
TX-000719,ACC_000624,ACC_000305,157746,USD,USD,2025-09-11T14:12:59.441550+00:00Z,poc-tx
TX-000720,ACC_000298,ACC_000659,114570,SGD,SGD,2025-09-16T08:03:28.441562+00:00Z,poc-tx
TX-000721,ACC_000487,ACC_000021,1721957,IDR,IDR,2025-09-14T10:01:59.441579+00:00Z,poc-tx
TX-000722,ACC_000074,ACC_000365,27422,USD,USD,2025-09-13T10:18:28.441587+00:00Z,poc-tx
TX-000723,ACC_000157,ACC_000980,2869909,IDR,SGD,2025-09-15T06:52:11.441597+00:00Z,poc-tx
TX-000724,ACC_000599,ACC_000903,72799,SGD,SGD,2025-09-09T15:38:28.441615+00:00Z,poc-tx
TX-000725,ACC_000805,ACC_000896,132614,USD,USD,2025-09-16T08:25:54.441637+00:00Z,poc-tx
TX-000726,ACC_000257,ACC_000331,2893521,IDR,IDR,2025-09-11T06:14:28.441648+00:00Z,poc-tx
TX-000727,ACC_000330,ACC_000309,78965,SGD,IDR,2025-09-14T18:12:27.441662+00:00Z,poc-tx
TX-000728,ACC_000624,ACC_000151,131109,USD,USD,2025-09-10T10:43:13.441680+00:00Z,poc-tx
TX-000729,ACC_000536,ACC_000397,14853,USD,SGD,2025-09-15T05:25:05.441698+00:00Z,poc-tx
TX-000730,ACC_000888,ACC_000541,4370455,IDR,SGD,2025-09-16T08:59:19.441722+00:00Z,poc-tx
TX-000731,ACC_000449,ACC_000276,3819958,IDR,IDR,2025-09-16T09:10:58.441737+00:00Z,poc-tx
TX-000732,ACC_000014,ACC_000426,6012,SGD,SGD,2025-09-16T03:28:19.441744+00:00Z,poc-tx
TX-000733,ACC_000936,ACC_000195,73991,USD,USD,2025-09-10T21:32:14.441768+00:00Z,poc-tx
TX-000734,ACC_000473,ACC_000881,23125,USD,IDR,2025-09-11T13:11:51.441784+00:00Z,poc-tx
TX-000735,ACC_000201,ACC_000377,4624939,IDR,IDR,2025-09-13T10:07:59.441795+00:00Z,poc-tx
TX-000736,ACC_000752,ACC_000287,3915002,IDR,IDR,2025-09-16T04:29:05.441816+00:00Z,poc-tx
TX-000737,ACC_000462,ACC_000445,2309621,IDR,SGD,2025-09-10T07:42:50.441840+00:00Z,poc-tx
TX-000738,ACC_000592,ACC_000100,3136316,IDR,SGD,2025-09-10T00:56:46.441859+00:00Z,poc-tx
TX-000739,ACC_000599,ACC_000478,54450,SGD,SGD,2025-09-15T02:38:33.441878+00:00Z,poc-tx
TX-000740,ACC_000884,ACC_000315,4642314,IDR,IDR,2025-09-10T11:12:16.441901+00:00Z,poc-tx
TX-000741,ACC_000022,ACC_000510,31817,USD,IDR,2025-09-14T13:50:44.441909+00:00Z,poc-tx
TX-000742,ACC_000002,ACC_000800,149080,SGD,SGD,2025-09-10T20:15:50.441915+00:00Z,poc-tx
TX-000743,ACC_000762,ACC_000219,1758,SGD,USD,2025-09-12T20:55:11.441937+00:00Z,poc-tx
TX-000744,ACC_000330,ACC_000192,36713,SGD,USD,2025-09-15T05:04:52.441951+00:00Z,poc-tx
TX-000745,ACC_000777,ACC_000296,135798,SGD,SGD,2025-09-13T07:57:19.441972+00:00Z,poc-tx
TX-000746,ACC_000771,ACC_000103,31906,SGD,SGD,2025-09-09T14:04:28.441994+00:00Z,poc-tx
TX-000747,ACC_000336,ACC_000225,28911,SGD,SGD,2025-09-10T16:03:41.442007+00:00Z,poc-tx
TX-000748,ACC_000073,ACC_000707,2081884,IDR,IDR,2025-09-16T09:29:30.442015+00:00Z,poc-tx
TX-000749,ACC_000622,ACC_000027,1685324,IDR,IDR,2025-09-13T06:25:30.442033+00:00Z,poc-tx
TX-000750,ACC_000612,ACC_000053,32839,SGD,SGD,2025-09-13T17:06:55.442051+00:00Z,poc-tx
TX-000751,ACC_000100,ACC_000254,177226,USD,USD,2025-09-16T02:30:01.442060+00:00Z,poc-tx
TX-000752,ACC_000930,ACC_000823,71040,SGD,SGD,2025-09-15T21:31:02.442085+00:00Z,poc-tx
TX-000753,ACC_000696,ACC_000462,10755,SGD,SGD,2025-09-11T12:38:17.442105+00:00Z,poc-tx
TX-000754,ACC_000502,ACC_000883,4669717,IDR,USD,2025-09-10T10:25:00.442122+00:00Z,poc-tx
TX-000755,ACC_000868,ACC_000438,706446,IDR,IDR,2025-09-13T16:38:17.442145+00:00Z,poc-tx
TX-000756,ACC_000970,ACC_000027,4319643,IDR,SGD,2025-09-10T10:06:51.442171+00:00Z,poc-tx
TX-000757,ACC_000058,ACC_000194,158051,USD,USD,2025-09-13T22:11:55.442179+00:00Z,poc-tx
TX-000758,ACC_000537,ACC_000449,23730,SGD,IDR,2025-09-13T23:21:58.442196+00:00Z,poc-tx
TX-000759,ACC_000691,ACC_000948,146434,USD,USD,2025-09-12T22:59:38.442216+00:00Z,poc-tx
TX-000760,ACC_000775,ACC_000505,14642,USD,USD,2025-09-11T15:46:29.442237+00:00Z,poc-tx
TX-000761,ACC_000637,ACC_000533,187453,USD,USD,2025-09-14T06:17:40.442256+00:00Z,poc-tx
TX-000762,ACC_000624,ACC_000842,140462,USD,USD,2025-09-09T21:25:29.442275+00:00Z,poc-tx
TX-000763,ACC_000915,ACC_000069,175201,USD,USD,2025-09-16T10:52:59.442299+00:00Z,poc-tx
TX-000764,ACC_000624,ACC_000993,184007,USD,USD,2025-09-15T12:16:15.442317+00:00Z,poc-tx
TX-000765,ACC_000480,ACC_000482,16116,USD,USD,2025-09-10T03:39:38.442333+00:00Z,poc-tx
TX-000766,ACC_000192,ACC_000858,3249548,IDR,IDR,2025-09-15T03:11:32.442344+00:00Z,poc-tx
TX-000767,ACC_000468,ACC_000605,2506863,IDR,IDR,2025-09-12T12:53:42.442359+00:00Z,poc-tx
TX-000768,ACC_000978,ACC_000649,4092747,IDR,IDR,2025-09-11T05:38:07.442385+00:00Z,poc-tx
TX-000769,ACC_000126,ACC_000159,90151,USD,USD,2025-09-13T02:29:14.442394+00:00Z,poc-tx
TX-000770,ACC_000745,ACC_000265,69173,USD,USD,2025-09-11T22:53:39.442415+00:00Z,poc-tx
TX-000771,ACC_000369,ACC_000461,4740166,IDR,IDR,2025-09-10T16:41:51.442428+00:00Z,poc-tx
TX-000772,ACC_000914,ACC_000916,193698,USD,USD,2025-09-10T03:06:37.442453+00:00Z,poc-tx
TX-000773,ACC_000189,ACC_000301,43210,USD,IDR,2025-09-09T23:58:15.442464+00:00Z,poc-tx
TX-000774,ACC_000808,ACC_000971,192691,USD,USD,2025-09-15T09:15:31.442486+00:00Z,poc-tx
TX-000775,ACC_000984,ACC_000186,73277,USD,USD,2025-09-10T10:39:13.442511+00:00Z,poc-tx
TX-000776,ACC_000280,ACC_000684,67171,SGD,SGD,2025-09-14T05:45:57.442524+00:00Z,poc-tx
TX-000777,ACC_000333,ACC_000171,222777,IDR,IDR,2025-09-11T02:37:19.442536+00:00Z,poc-tx
TX-000778,ACC_000111,ACC_000715,127609,SGD,IDR,2025-09-09T14:34:37.442546+00:00Z,poc-tx
TX-000779,ACC_000086,ACC_000203,53012,USD,USD,2025-09-12T00:37:58.442554+00:00Z,poc-tx
TX-000780,ACC_000147,ACC_000511,194434,USD,USD,2025-09-13T08:28:41.442563+00:00Z,poc-tx
TX-000781,ACC_000365,ACC_000443,56036,USD,USD,2025-09-13T23:24:09.442577+00:00Z,poc-tx
TX-000782,ACC_000069,ACC_000649,8517,SGD,SGD,2025-09-10T03:02:39.442585+00:00Z,poc-tx
TX-000783,ACC_000834,ACC_000181,14968,SGD,SGD,2025-09-13T10:31:33.442608+00:00Z,poc-tx
TX-000784,ACC_000462,ACC_000190,700396,IDR,IDR,2025-09-13T19:36:16.442623+00:00Z,poc-tx
TX-000785,ACC_000200,ACC_000461,3290441,IDR,IDR,2025-09-16T03:07:11.442634+00:00Z,poc-tx
TX-000786,ACC_000614,ACC_000358,32821,SGD,SGD,2025-09-15T12:40:20.442652+00:00Z,poc-tx
TX-000787,ACC_000696,ACC_000828,21916,SGD,SGD,2025-09-11T04:41:40.442673+00:00Z,poc-tx
TX-000788,ACC_000738,ACC_000974,1788055,IDR,USD,2025-09-13T10:45:27.442694+00:00Z,poc-tx
TX-000789,ACC_000798,ACC_000155,12748,SGD,SGD,2025-09-09T23:12:20.442716+00:00Z,poc-tx
TX-000790,ACC_000770,ACC_000892,59266,USD,USD,2025-09-14T08:05:19.442738+00:00Z,poc-tx
TX-000791,ACC_000162,ACC_000245,1675357,IDR,IDR,2025-09-13T22:00:23.442748+00:00Z,poc-tx
TX-000792,ACC_000090,ACC_000969,1124056,IDR,IDR,2025-09-10T16:19:00.442756+00:00Z,poc-tx
TX-000793,ACC_000360,ACC_000503,1492161,IDR,IDR,2025-09-16T04:29:18.442770+00:00Z,poc-tx
TX-000794,ACC_000638,ACC_000454,40229,SGD,USD,2025-09-10T01:06:04.442789+00:00Z,poc-tx
TX-000795,ACC_000379,ACC_000316,2039467,IDR,IDR,2025-09-11T04:48:29.442803+00:00Z,poc-tx
TX-000796,ACC_000979,ACC_000669,4230161,IDR,IDR,2025-09-15T05:58:16.442829+00:00Z,poc-tx
TX-000797,ACC_000575,ACC_000476,95814,USD,USD,2025-09-09T19:39:08.442847+00:00Z,poc-tx
TX-000798,ACC_000896,ACC_000786,88911,SGD,SGD,2025-09-11T07:01:28.442887+00:00Z,poc-tx
TX-000799,ACC_000298,ACC_000167,98321,SGD,IDR,2025-09-11T19:12:49.442901+00:00Z,poc-tx
TX-000800,ACC_000564,ACC_000325,23044,SGD,SGD,2025-09-15T17:43:06.442918+00:00Z,poc-tx
TX-000801,ACC_000500,ACC_000707,3446639,IDR,SGD,2025-09-11T16:43:07.442935+00:00Z,poc-tx
TX-000802,ACC_000853,ACC_000615,105305,SGD,SGD,2025-09-13T02:21:06.442959+00:00Z,poc-tx
TX-000803,ACC_000165,ACC_000674,165883,USD,USD,2025-09-15T21:25:02.442968+00:00Z,poc-tx
TX-000804,ACC_000230,ACC_000635,18312,SGD,IDR,2025-09-14T20:41:12.442980+00:00Z,poc-tx
TX-000805,ACC_000525,ACC_000084,575206,IDR,IDR,2025-09-15T07:19:31.442997+00:00Z,poc-tx
TX-000806,ACC_000502,ACC_000035,1484039,IDR,IDR,2025-09-10T12:17:00.443013+00:00Z,poc-tx
TX-000807,ACC_000558,ACC_000672,120220,SGD,SGD,2025-09-13T17:50:05.443030+00:00Z,poc-tx
TX-000808,ACC_000488,ACC_000307,56107,SGD,SGD,2025-09-15T02:30:07.443046+00:00Z,poc-tx
TX-000809,ACC_000743,ACC_000704,68528,IDR,IDR,2025-09-15T23:20:06.443067+00:00Z,poc-tx
TX-000810,ACC_000512,ACC_000939,127473,SGD,SGD,2025-09-15T20:30:54.443083+00:00Z,poc-tx
TX-000811,ACC_000644,ACC_000082,45574,USD,USD,2025-09-15T00:34:34.443103+00:00Z,poc-tx
TX-000812,ACC_000434,ACC_000133,77216,SGD,SGD,2025-09-15T17:49:50.443118+00:00Z,poc-tx
TX-000813,ACC_000941,ACC_000054,2419575,IDR,SGD,2025-09-11T17:39:28.443143+00:00Z,poc-tx
TX-000814,ACC_000673,ACC_000939,2476263,IDR,IDR,2025-09-13T10:15:21.443162+00:00Z,poc-tx
TX-000815,ACC_000068,ACC_000703,4955909,IDR,IDR,2025-09-15T22:04:49.443170+00:00Z,poc-tx
TX-000816,ACC_000415,ACC_000273,174791,USD,USD,2025-09-10T04:22:42.443185+00:00Z,poc-tx
TX-000817,ACC_000554,ACC_000669,94771,SGD,SGD,2025-09-12T17:59:07.443202+00:00Z,poc-tx
TX-000818,ACC_000273,ACC_000682,1739136,IDR,IDR,2025-09-13T05:29:11.443214+00:00Z,poc-tx
TX-000819,ACC_000751,ACC_000632,58354,USD,SGD,2025-09-12T05:45:23.443236+00:00Z,poc-tx
TX-000820,ACC_000228,ACC_000515,4945162,IDR,IDR,2025-09-12T23:33:34.443247+00:00Z,poc-tx
TX-000821,ACC_000324,ACC_000110,66046,USD,USD,2025-09-14T09:10:24.443260+00:00Z,poc-tx
TX-000822,ACC_000506,ACC_000914,189590,USD,USD,2025-09-11T03:22:24.443287+00:00Z,poc-tx
TX-000823,ACC_000964,ACC_000996,587490,IDR,IDR,2025-09-12T01:26:29.443318+00:00Z,poc-tx
TX-000824,ACC_000177,ACC_000324,3491281,IDR,USD,2025-09-09T23:51:34.443330+00:00Z,poc-tx
TX-000825,ACC_000218,ACC_000932,11888,SGD,SGD,2025-09-11T22:14:12.443342+00:00Z,poc-tx
TX-000826,ACC_000976,ACC_000552,77660,SGD,IDR,2025-09-16T05:55:12.443368+00:00Z,poc-tx
TX-000827,ACC_000868,ACC_000401,1662823,IDR,IDR,2025-09-10T03:17:42.443391+00:00Z,poc-tx
TX-000828,ACC_000692,ACC_000350,3456506,IDR,IDR,2025-09-10T13:41:28.443411+00:00Z,poc-tx
TX-000829,ACC_000941,ACC_000497,1480224,IDR,IDR,2025-09-11T23:11:41.443446+00:00Z,poc-tx
TX-000830,ACC_000517,ACC_000858,86917,USD,IDR,2025-09-13T16:03:43.443465+00:00Z,poc-tx
TX-000831,ACC_000310,ACC_000181,1069712,IDR,USD,2025-09-14T07:02:49.443478+00:00Z,poc-tx
TX-000832,ACC_000544,ACC_000896,94957,USD,USD,2025-09-16T08:05:11.443495+00:00Z,poc-tx
TX-000833,ACC_000340,ACC_000139,119479,SGD,SGD,2025-09-11T18:01:02.443508+00:00Z,poc-tx
TX-000834,ACC_000187,ACC_000488,49191,SGD,USD,2025-09-11T15:29:56.443519+00:00Z,poc-tx
TX-000835,ACC_000121,ACC_000519,372555,IDR,IDR,2025-09-13T10:01:05.443528+00:00Z,poc-tx
TX-000836,ACC_000011,ACC_000727,4828297,IDR,IDR,2025-09-10T10:48:44.443535+00:00Z,poc-tx
TX-000837,ACC_000479,ACC_000265,612635,IDR,IDR,2025-09-12T18:07:08.443551+00:00Z,poc-tx
TX-000838,ACC_000479,ACC_000120,3851065,IDR,USD,2025-09-11T23:30:27.443567+00:00Z,poc-tx
TX-000839,ACC_000962,ACC_000129,68269,SGD,SGD,2025-09-14T05:04:42.443592+00:00Z,poc-tx
TX-000840,ACC_000247,ACC_000924,3776,SGD,USD,2025-09-15T09:09:30.443604+00:00Z,poc-tx
TX-000841,ACC_000116,ACC_000887,3081512,IDR,IDR,2025-09-13T19:52:37.443613+00:00Z,poc-tx
TX-000842,ACC_000446,ACC_000567,186860,USD,USD,2025-09-10T20:05:54.443628+00:00Z,poc-tx
TX-000843,ACC_000797,ACC_000291,885465,IDR,USD,2025-09-14T04:19:06.443651+00:00Z,poc-tx
TX-000844,ACC_000237,ACC_000651,48051,USD,IDR,2025-09-10T06:24:37.443662+00:00Z,poc-tx
TX-000845,ACC_000646,ACC_000260,119535,USD,USD,2025-09-13T16:15:36.443681+00:00Z,poc-tx
TX-000846,ACC_000822,ACC_000572,99935,SGD,SGD,2025-09-10T06:33:38.443704+00:00Z,poc-tx
TX-000847,ACC_000316,ACC_000401,57752,USD,USD,2025-09-15T16:15:48.443716+00:00Z,poc-tx
TX-000848,ACC_000403,ACC_000766,1618193,IDR,USD,2025-09-12T14:42:08.443731+00:00Z,poc-tx
TX-000849,ACC_000447,ACC_000105,121724,USD,USD,2025-09-15T21:54:55.443746+00:00Z,poc-tx
TX-000850,ACC_000814,ACC_000688,96943,SGD,SGD,2025-09-15T02:57:37.443769+00:00Z,poc-tx
TX-000851,ACC_000875,ACC_000649,37017,USD,USD,2025-09-14T20:56:27.443792+00:00Z,poc-tx
TX-000852,ACC_000329,ACC_000985,59069,SGD,SGD,2025-09-10T06:01:58.443805+00:00Z,poc-tx
TX-000853,ACC_000970,ACC_000607,1040949,IDR,IDR,2025-09-12T10:11:20.443830+00:00Z,poc-tx
TX-000854,ACC_000489,ACC_000095,64968,SGD,SGD,2025-09-12T03:58:39.443846+00:00Z,poc-tx
TX-000855,ACC_000197,ACC_000520,88585,SGD,IDR,2025-09-13T06:08:54.443857+00:00Z,poc-tx
TX-000856,ACC_000023,ACC_000536,148256,USD,SGD,2025-09-10T21:32:48.443865+00:00Z,poc-tx
TX-000857,ACC_000996,ACC_000152,4696673,IDR,IDR,2025-09-14T15:59:17.443890+00:00Z,poc-tx
TX-000858,ACC_000524,ACC_000025,20914,SGD,SGD,2025-09-10T23:45:21.443907+00:00Z,poc-tx
TX-000859,ACC_000763,ACC_000992,164,SGD,SGD,2025-09-16T05:46:58.443929+00:00Z,poc-tx
TX-000860,ACC_000972,ACC_000880,3980176,IDR,IDR,2025-09-13T10:08:49.443954+00:00Z,poc-tx
TX-000861,ACC_000054,ACC_000541,2732149,IDR,IDR,2025-09-10T18:41:55.443962+00:00Z,poc-tx
TX-000862,ACC_000242,ACC_000443,4886986,IDR,IDR,2025-09-10T03:57:35.443974+00:00Z,poc-tx
TX-000863,ACC_000346,ACC_000461,1389485,IDR,USD,2025-09-12T03:00:04.443987+00:00Z,poc-tx
TX-000864,ACC_000166,ACC_000934,58555,USD,USD,2025-09-14T12:51:07.443997+00:00Z,poc-tx
TX-000865,ACC_000665,ACC_000036,4840695,IDR,IDR,2025-09-15T04:34:49.444016+00:00Z,poc-tx
TX-000866,ACC_000753,ACC_000530,25411,SGD,SGD,2025-09-12T13:55:22.444038+00:00Z,poc-tx
TX-000867,ACC_000259,ACC_000646,3262920,IDR,IDR,2025-09-14T21:57:36.444050+00:00Z,poc-tx
TX-000868,ACC_000086,ACC_000750,130156,USD,IDR,2025-09-15T04:06:32.444058+00:00Z,poc-tx
TX-000869,ACC_000986,ACC_000826,86523,SGD,SGD,2025-09-12T18:14:37.444084+00:00Z,poc-tx
TX-000870,ACC_000806,ACC_000433,37166,SGD,SGD,2025-09-15T05:37:38.444106+00:00Z,poc-tx
TX-000871,ACC_000769,ACC_000942,22211,SGD,IDR,2025-09-11T10:30:26.444128+00:00Z,poc-tx
TX-000872,ACC_000930,ACC_000608,70094,SGD,USD,2025-09-16T05:18:19.444153+00:00Z,poc-tx
TX-000873,ACC_000909,ACC_000385,306613,IDR,IDR,2025-09-12T12:51:02.444177+00:00Z,poc-tx
TX-000874,ACC_000960,ACC_000235,354218,IDR,SGD,2025-09-15T00:53:42.444202+00:00Z,poc-tx
TX-000875,ACC_000614,ACC_000649,34174,SGD,SGD,2025-09-10T04:35:41.444221+00:00Z,poc-tx
TX-000876,ACC_000826,ACC_000808,146946,USD,USD,2025-09-15T18:34:54.444244+00:00Z,poc-tx
TX-000877,ACC_000914,ACC_000266,180497,USD,USD,2025-09-13T21:47:58.444268+00:00Z,poc-tx
TX-000878,ACC_000418,ACC_000257,113726,USD,USD,2025-09-09T14:17:29.444282+00:00Z,poc-tx
TX-000879,ACC_000057,ACC_000354,51158,SGD,SGD,2025-09-15T15:08:15.444290+00:00Z,poc-tx
TX-000880,ACC_000604,ACC_000042,79172,USD,IDR,2025-09-15T00:40:20.444309+00:00Z,poc-tx
TX-000881,ACC_000192,ACC_000988,3928706,IDR,IDR,2025-09-13T04:50:40.444319+00:00Z,poc-tx
TX-000882,ACC_000012,ACC_000303,4061310,IDR,SGD,2025-09-10T09:06:34.444327+00:00Z,poc-tx
TX-000883,ACC_000996,ACC_000674,3696630,IDR,IDR,2025-09-11T05:21:52.444353+00:00Z,poc-tx
TX-000884,ACC_000253,ACC_000338,287141,IDR,SGD,2025-09-10T14:47:33.444364+00:00Z,poc-tx
TX-000885,ACC_000596,ACC_000472,3190178,IDR,USD,2025-09-10T19:37:56.444383+00:00Z,poc-tx
TX-000886,ACC_000808,ACC_000837,70162,USD,USD,2025-09-11T21:36:43.444405+00:00Z,poc-tx
TX-000887,ACC_000277,ACC_000265,47029,SGD,USD,2025-09-12T09:54:06.444418+00:00Z,poc-tx
TX-000888,ACC_000992,ACC_000591,1304215,IDR,IDR,2025-09-10T10:07:15.444443+00:00Z,poc-tx
TX-000889,ACC_000391,ACC_000582,81367,USD,USD,2025-09-15T19:18:17.444458+00:00Z,poc-tx
TX-000890,ACC_000006,ACC_000129,123224,IDR,IDR,2025-09-11T03:46:03.444464+00:00Z,poc-tx
TX-000891,ACC_000433,ACC_000282,30283,SGD,SGD,2025-09-10T11:55:00.444479+00:00Z,poc-tx
TX-000892,ACC_000921,ACC_000682,177833,USD,USD,2025-09-12T10:25:03.444504+00:00Z,poc-tx
TX-000893,ACC_000580,ACC_000429,100684,SGD,SGD,2025-09-10T18:56:18.444522+00:00Z,poc-tx
TX-000894,ACC_000271,ACC_000131,45150,SGD,USD,2025-09-15T01:18:01.444534+00:00Z,poc-tx
TX-000895,ACC_000916,ACC_000864,3471511,IDR,IDR,2025-09-13T01:07:26.444558+00:00Z,poc-tx
TX-000896,ACC_000842,ACC_000944,4353113,IDR,IDR,2025-09-16T06:03:04.444581+00:00Z,poc-tx
TX-000897,ACC_000247,ACC_000473,58928,SGD,SGD,2025-09-11T11:28:17.444593+00:00Z,poc-tx
TX-000898,ACC_000525,ACC_000384,1179124,IDR,IDR,2025-09-15T17:59:32.444610+00:00Z,poc-tx
TX-000899,ACC_000392,ACC_000659,984570,IDR,IDR,2025-09-13T08:18:20.444624+00:00Z,poc-tx
TX-000900,ACC_000389,ACC_000565,1213882,IDR,USD,2025-09-10T15:48:33.444638+00:00Z,poc-tx
TX-000901,ACC_000401,ACC_000407,56507,SGD,USD,2025-09-13T21:27:42.444653+00:00Z,poc-tx
TX-000902,ACC_000638,ACC_000514,15702,SGD,SGD,2025-09-15T01:47:44.444672+00:00Z,poc-tx
TX-000903,ACC_000470,ACC_000156,50786,SGD,USD,2025-09-14T10:03:46.444688+00:00Z,poc-tx
TX-000904,ACC_000820,ACC_000333,103704,USD,USD,2025-09-12T07:07:52.444711+00:00Z,poc-tx
TX-000905,ACC_000803,ACC_000214,86648,USD,USD,2025-09-15T21:46:23.444733+00:00Z,poc-tx
TX-000906,ACC_000653,ACC_000387,125223,USD,IDR,2025-09-16T11:14:19.444753+00:00Z,poc-tx
TX-000907,ACC_000540,ACC_000339,25871,SGD,SGD,2025-09-11T18:49:59.444770+00:00Z,poc-tx
TX-000908,ACC_000003,ACC_000626,107131,SGD,SGD,2025-09-11T17:52:37.444777+00:00Z,poc-tx
TX-000909,ACC_000055,ACC_000057,2904544,IDR,SGD,2025-09-13T22:22:20.444785+00:00Z,poc-tx
TX-000910,ACC_000347,ACC_000787,19691,USD,SGD,2025-09-10T14:59:38.444799+00:00Z,poc-tx
TX-000911,ACC_000465,ACC_000186,206865,IDR,USD,2025-09-12T06:30:49.444815+00:00Z,poc-tx
TX-000912,ACC_000075,ACC_000116,111942,USD,USD,2025-09-11T07:29:59.444823+00:00Z,poc-tx
TX-000913,ACC_000348,ACC_000462,3546966,IDR,IDR,2025-09-09T18:40:01.444836+00:00Z,poc-tx
TX-000914,ACC_000116,ACC_000013,350002,IDR,IDR,2025-09-14T13:20:11.444845+00:00Z,poc-tx
TX-000915,ACC_000266,ACC_000004,33431,SGD,SGD,2025-09-14T14:13:41.444857+00:00Z,poc-tx
TX-000916,ACC_000573,ACC_000085,137625,USD,USD,2025-09-12T15:02:43.444875+00:00Z,poc-tx
TX-000917,ACC_000777,ACC_000714,140871,SGD,SGD,2025-09-14T19:19:32.444896+00:00Z,poc-tx
TX-000918,ACC_000267,ACC_000650,50119,USD,USD,2025-09-16T11:38:07.444908+00:00Z,poc-tx
TX-000919,ACC_000883,ACC_000633,147659,SGD,SGD,2025-09-13T13:46:58.444931+00:00Z,poc-tx
TX-000920,ACC_000460,ACC_000562,57009,USD,USD,2025-09-15T02:49:18.444947+00:00Z,poc-tx
TX-000921,ACC_000598,ACC_000384,3603216,IDR,IDR,2025-09-13T19:34:21.444971+00:00Z,poc-tx
TX-000922,ACC_000430,ACC_000917,188781,USD,USD,2025-09-13T17:15:51.444987+00:00Z,poc-tx
TX-000923,ACC_000271,ACC_000041,121118,SGD,SGD,2025-09-15T13:42:24.444999+00:00Z,poc-tx
TX-000924,ACC_000910,ACC_000207,1779663,IDR,IDR,2025-09-14T06:39:33.445023+00:00Z,poc-tx
TX-000925,ACC_000239,ACC_000579,28153,SGD,SGD,2025-09-09T16:14:26.445034+00:00Z,poc-tx
TX-000926,ACC_000117,ACC_000520,44177,USD,USD,2025-09-15T00:57:15.445043+00:00Z,poc-tx
TX-000927,ACC_000419,ACC_000498,148092,SGD,SGD,2025-09-11T11:57:11.445057+00:00Z,poc-tx
TX-000928,ACC_001000,ACC_000971,98906,SGD,USD,2025-09-12T11:48:25.445084+00:00Z,poc-tx
TX-000929,ACC_000316,ACC_000570,59020,USD,SGD,2025-09-14T23:12:43.445097+00:00Z,poc-tx
TX-000930,ACC_000666,ACC_000733,68880,USD,USD,2025-09-14T15:33:55.445116+00:00Z,poc-tx
TX-000931,ACC_000683,ACC_000101,9870,USD,USD,2025-09-13T21:37:28.445136+00:00Z,poc-tx
TX-000932,ACC_000688,ACC_000650,132409,SGD,IDR,2025-09-10T12:28:18.445157+00:00Z,poc-tx
TX-000933,ACC_000314,ACC_000942,183210,USD,USD,2025-09-10T17:03:33.445170+00:00Z,poc-tx
TX-000934,ACC_000994,ACC_000582,2494364,IDR,IDR,2025-09-09T20:25:46.445196+00:00Z,poc-tx
TX-000935,ACC_000359,ACC_000363,70118,SGD,USD,2025-09-14T00:06:27.445210+00:00Z,poc-tx
TX-000936,ACC_000720,ACC_000360,177553,USD,SGD,2025-09-10T23:43:24.445231+00:00Z,poc-tx
TX-000937,ACC_000888,ACC_000855,3676209,IDR,IDR,2025-09-16T08:09:58.445255+00:00Z,poc-tx
TX-000938,ACC_000573,ACC_000507,175739,USD,USD,2025-09-15T07:42:51.445284+00:00Z,poc-tx
TX-000939,ACC_000469,ACC_000525,123484,USD,SGD,2025-09-13T19:40:33.445308+00:00Z,poc-tx
TX-000940,ACC_000631,ACC_000785,89454,SGD,IDR,2025-09-09T14:32:40.445329+00:00Z,poc-tx
TX-000941,ACC_000309,ACC_000756,121532,SGD,IDR,2025-09-14T06:56:27.445343+00:00Z,poc-tx
TX-000942,ACC_000031,ACC_000135,178894,USD,USD,2025-09-14T13:16:08.445350+00:00Z,poc-tx
TX-000943,ACC_000125,ACC_000064,192338,USD,USD,2025-09-15T08:51:17.445360+00:00Z,poc-tx
TX-000944,ACC_000122,ACC_000851,2668016,IDR,SGD,2025-09-15T10:56:38.445369+00:00Z,poc-tx
TX-000945,ACC_000249,ACC_000905,140064,SGD,SGD,2025-09-13T18:43:02.445381+00:00Z,poc-tx
TX-000946,ACC_000250,ACC_000076,64632,SGD,SGD,2025-09-13T00:42:14.445393+00:00Z,poc-tx
TX-000947,ACC_000589,ACC_000139,48597,SGD,SGD,2025-09-14T21:44:44.445411+00:00Z,poc-tx
TX-000948,ACC_000763,ACC_000286,73198,SGD,SGD,2025-09-15T04:20:08.445433+00:00Z,poc-tx
TX-000949,ACC_000046,ACC_000932,69777,SGD,SGD,2025-09-14T06:34:18.445441+00:00Z,poc-tx
TX-000950,ACC_000826,ACC_000941,66564,USD,USD,2025-09-15T06:14:07.445463+00:00Z,poc-tx
TX-000951,ACC_000896,ACC_000007,1114,SGD,SGD,2025-09-15T16:17:35.445487+00:00Z,poc-tx
TX-000952,ACC_000422,ACC_000281,5181,USD,SGD,2025-09-10T20:31:00.445503+00:00Z,poc-tx
TX-000953,ACC_000772,ACC_000996,690504,IDR,IDR,2025-09-15T04:40:34.445524+00:00Z,poc-tx
TX-000954,ACC_000541,ACC_000931,2211849,IDR,IDR,2025-09-16T02:06:13.445542+00:00Z,poc-tx
TX-000955,ACC_000284,ACC_000251,21650,USD,IDR,2025-09-10T07:34:53.445554+00:00Z,poc-tx
TX-000956,ACC_000151,ACC_000072,86512,SGD,SGD,2025-09-15T04:12:07.445564+00:00Z,poc-tx
TX-000957,ACC_000174,ACC_000001,121907,SGD,SGD,2025-09-13T10:57:42.445574+00:00Z,poc-tx
TX-000958,ACC_000955,ACC_000295,1612920,IDR,IDR,2025-09-16T06:47:46.445599+00:00Z,poc-tx
TX-000959,ACC_000071,ACC_000685,109754,SGD,IDR,2025-09-15T13:50:54.445607+00:00Z,poc-tx
TX-000960,ACC_000349,ACC_000842,188610,USD,SGD,2025-09-12T12:43:24.445621+00:00Z,poc-tx
TX-000961,ACC_000396,ACC_000540,97153,SGD,USD,2025-09-13T11:16:24.445636+00:00Z,poc-tx
TX-000962,ACC_000228,ACC_000079,4175112,IDR,IDR,2025-09-13T20:09:17.445647+00:00Z,poc-tx
TX-000963,ACC_000864,ACC_000097,46543,USD,USD,2025-09-14T21:47:33.445670+00:00Z,poc-tx
TX-000964,ACC_000917,ACC_000753,23292,SGD,SGD,2025-09-14T15:21:20.445695+00:00Z,poc-tx
TX-000965,ACC_000213,ACC_000376,48516,USD,SGD,2025-09-10T17:33:50.445706+00:00Z,poc-tx
TX-000966,ACC_000846,ACC_000986,167091,USD,USD,2025-09-14T12:25:57.445729+00:00Z,poc-tx
TX-000967,ACC_000748,ACC_000277,179113,USD,IDR,2025-09-13T16:52:58.445750+00:00Z,poc-tx
TX-000968,ACC_000586,ACC_000097,4465005,IDR,IDR,2025-09-14T12:24:45.445768+00:00Z,poc-tx
TX-000969,ACC_000455,ACC_000691,4293066,IDR,SGD,2025-09-14T02:51:25.445784+00:00Z,poc-tx
TX-000970,ACC_000006,ACC_000558,719326,IDR,IDR,2025-09-13T11:29:15.445791+00:00Z,poc-tx
TX-000971,ACC_000899,ACC_000011,43094,SGD,SGD,2025-09-16T01:07:01.445815+00:00Z,poc-tx
TX-000972,ACC_000013,ACC_000907,132947,USD,USD,2025-09-12T05:27:48.445821+00:00Z,poc-tx
TX-000973,ACC_000844,ACC_000678,86356,USD,USD,2025-09-13T06:28:39.445844+00:00Z,poc-tx
TX-000974,ACC_000924,ACC_000894,133888,USD,SGD,2025-09-11T00:49:55.445869+00:00Z,poc-tx
TX-000975,ACC_000433,ACC_000375,21981,SGD,IDR,2025-09-10T11:27:40.445884+00:00Z,poc-tx
TX-000976,ACC_000938,ACC_000725,43998,USD,USD,2025-09-15T03:58:48.445909+00:00Z,poc-tx
TX-000977,ACC_000135,ACC_000209,1656196,IDR,IDR,2025-09-12T12:09:31.445919+00:00Z,poc-tx
TX-000978,ACC_000446,ACC_000300,52158,USD,USD,2025-09-14T03:44:25.445934+00:00Z,poc-tx
TX-000979,ACC_000005,ACC_000032,164267,USD,USD,2025-09-16T12:32:25.445941+00:00Z,poc-tx
TX-000980,ACC_000224,ACC_000951,38170,SGD,SGD,2025-09-16T09:14:42.445951+00:00Z,poc-tx
TX-000981,ACC_000244,ACC_000049,20806,SGD,SGD,2025-09-10T09:08:22.445963+00:00Z,poc-tx
TX-000982,ACC_000230,ACC_000801,57988,SGD,SGD,2025-09-12T21:20:07.445974+00:00Z,poc-tx
TX-000983,ACC_000379,ACC_000393,165596,IDR,IDR,2025-09-15T23:55:28.445988+00:00Z,poc-tx
TX-000984,ACC_000388,ACC_000437,109922,USD,USD,2025-09-13T01:18:34.446002+00:00Z,poc-tx
TX-000985,ACC_000792,ACC_000627,138516,SGD,SGD,2025-09-11T14:27:04.446025+00:00Z,poc-tx
TX-000986,ACC_000859,ACC_000967,81665,USD,USD,2025-09-12T01:27:17.446048+00:00Z,poc-tx
TX-000987,ACC_000069,ACC_000340,72859,SGD,SGD,2025-09-14T16:32:38.446056+00:00Z,poc-tx
TX-000988,ACC_000712,ACC_000238,147759,SGD,USD,2025-09-10T03:44:39.446076+00:00Z,poc-tx
TX-000989,ACC_000516,ACC_000208,2911688,IDR,SGD,2025-09-14T23:59:32.446093+00:00Z,poc-tx
TX-000990,ACC_000934,ACC_000550,44577,SGD,SGD,2025-09-12T13:21:15.446118+00:00Z,poc-tx
TX-000991,ACC_000774,ACC_000897,1584973,IDR,IDR,2025-09-14T10:56:28.446140+00:00Z,poc-tx
TX-000992,ACC_000838,ACC_000633,28406,USD,USD,2025-09-09T22:10:50.446163+00:00Z,poc-tx
TX-000993,ACC_000021,ACC_000201,1376587,IDR,SGD,2025-09-15T21:37:30.446171+00:00Z,poc-tx
TX-000994,ACC_000011,ACC_000067,4960886,IDR,IDR,2025-09-11T06:38:27.446197+00:00Z,poc-tx
TX-000995,ACC_000544,ACC_000925,96782,USD,USD,2025-09-15T22:11:53.446217+00:00Z,poc-tx
TX-000996,ACC_000230,ACC_000962,124668,SGD,IDR,2025-09-11T23:10:37.446230+00:00Z,poc-tx
TX-000997,ACC_000312,ACC_000309,3364059,IDR,IDR,2025-09-15T03:22:52.446243+00:00Z,poc-tx
TX-000998,ACC_000844,ACC_000413,166090,USD,USD,2025-09-10T04:25:02.446266+00:00Z,poc-tx
TX-000999,ACC_000622,ACC_000815,2525191,IDR,IDR,2025-09-09T16:40:12.446285+00:00Z,poc-tx
TX-001000,ACC_000499,ACC_000598,126142,SGD,USD,2025-09-10T11:14:11.446302+00:00Z,poc-tx
TX-001001,ACC_000891,ACC_000960,86550,USD,USD,2025-09-14T06:11:58.446326+00:00Z,poc-tx
TX-001002,ACC_000874,ACC_000370,686389,IDR,IDR,2025-09-14T02:44:33.446350+00:00Z,poc-tx
TX-001003,ACC_000743,ACC_000087,3878726,IDR,IDR,2025-09-11T15:35:25.446371+00:00Z,poc-tx
TX-001004,ACC_000035,ACC_000369,91590,USD,USD,2025-09-13T01:39:05.446378+00:00Z,poc-tx
TX-001005,ACC_000561,ACC_000071,1628940,IDR,IDR,2025-09-15T02:03:30.446396+00:00Z,poc-tx
TX-001006,ACC_000025,ACC_000037,55404,SGD,SGD,2025-09-12T19:02:48.446403+00:00Z,poc-tx
TX-001007,ACC_000471,ACC_000369,1342541,IDR,IDR,2025-09-12T00:45:01.446419+00:00Z,poc-tx
TX-001008,ACC_000503,ACC_000241,2871890,IDR,IDR,2025-09-09T23:18:03.446435+00:00Z,poc-tx
TX-001009,ACC_000275,ACC_000524,776078,IDR,USD,2025-09-16T11:40:36.446448+00:00Z,poc-tx
TX-001010,ACC_000828,ACC_000700,128251,SGD,SGD,2025-09-10T05:51:09.446471+00:00Z,poc-tx
TX-001011,ACC_000507,ACC_000873,10399,USD,USD,2025-09-10T04:42:32.446487+00:00Z,poc-tx
TX-001012,ACC_000793,ACC_000592,95780,USD,IDR,2025-09-13T16:32:46.446510+00:00Z,poc-tx
TX-001013,ACC_000817,ACC_000154,123297,SGD,SGD,2025-09-12T00:12:44.446540+00:00Z,poc-tx
TX-001014,ACC_000682,ACC_000060,15724,SGD,SGD,2025-09-12T01:36:20.446561+00:00Z,poc-tx
TX-001015,ACC_000738,ACC_000843,1185580,IDR,IDR,2025-09-14T09:06:26.446583+00:00Z,poc-tx
TX-001016,ACC_000965,ACC_000149,140563,USD,USD,2025-09-11T15:50:21.446608+00:00Z,poc-tx
TX-001017,ACC_000906,ACC_000038,180374,USD,USD,2025-09-13T01:31:47.446632+00:00Z,poc-tx
TX-001018,ACC_000148,ACC_000403,3650994,IDR,IDR,2025-09-10T02:15:21.446642+00:00Z,poc-tx
TX-001019,ACC_000534,ACC_000799,348784,IDR,USD,2025-09-09T13:32:18.446659+00:00Z,poc-tx
TX-001020,ACC_000846,ACC_000647,54585,USD,USD,2025-09-14T00:12:45.446682+00:00Z,poc-tx
TX-001021,ACC_000319,ACC_000566,3123548,IDR,IDR,2025-09-16T01:55:17.446695+00:00Z,poc-tx
TX-001022,ACC_000737,ACC_000429,77579,SGD,SGD,2025-09-12T12:13:45.446716+00:00Z,poc-tx
TX-001023,ACC_000416,ACC_000713,2220266,IDR,USD,2025-09-12T06:52:17.446731+00:00Z,poc-tx
TX-001024,ACC_000492,ACC_000202,141466,USD,USD,2025-09-13T23:42:30.446747+00:00Z,poc-tx
TX-001025,ACC_000678,ACC_000763,1490155,IDR,IDR,2025-09-13T00:02:27.446767+00:00Z,poc-tx
TX-001026,ACC_000492,ACC_000715,53805,USD,USD,2025-09-10T19:44:59.446783+00:00Z,poc-tx
TX-001027,ACC_000240,ACC_000211,145258,USD,USD,2025-09-15T22:44:33.446795+00:00Z,poc-tx
TX-001028,ACC_000638,ACC_000158,112174,SGD,SGD,2025-09-16T01:19:04.446814+00:00Z,poc-tx
TX-001029,ACC_000116,ACC_000535,823753,IDR,IDR,2025-09-13T08:29:31.446822+00:00Z,poc-tx
TX-001030,ACC_000012,ACC_000932,4876988,IDR,USD,2025-09-11T05:35:48.446829+00:00Z,poc-tx
TX-001031,ACC_000605,ACC_000296,110584,SGD,SGD,2025-09-13T06:47:02.446848+00:00Z,poc-tx
TX-001032,ACC_000248,ACC_000267,106198,USD,USD,2025-09-12T03:53:46.446867+00:00Z,poc-tx
TX-001033,ACC_000890,ACC_000648,2172592,IDR,IDR,2025-09-12T00:45:49.446892+00:00Z,poc-tx
TX-001034,ACC_000999,ACC_000086,351150,IDR,IDR,2025-09-15T08:41:36.446918+00:00Z,poc-tx
TX-001035,ACC_000524,ACC_000411,91265,SGD,IDR,2025-09-14T20:26:14.446936+00:00Z,poc-tx
TX-001036,ACC_000089,ACC_000589,73052,USD,USD,2025-09-10T18:26:02.446944+00:00Z,poc-tx
TX-001037,ACC_000419,ACC_000778,13348,SGD,IDR,2025-09-16T04:58:55.446959+00:00Z,poc-tx
TX-001038,ACC_000562,ACC_000359,88698,IDR,IDR,2025-09-13T19:55:23.446977+00:00Z,poc-tx
TX-001039,ACC_000908,ACC_000064,195364,USD,USD,2025-09-13T20:14:10.447001+00:00Z,poc-tx
TX-001040,ACC_000379,ACC_000331,3038135,IDR,IDR,2025-09-12T03:49:53.447015+00:00Z,poc-tx
TX-001041,ACC_000201,ACC_000612,104730,IDR,IDR,2025-09-12T14:21:15.447041+00:00Z,poc-tx
TX-001042,ACC_000836,ACC_000424,95424,SGD,SGD,2025-09-12T23:17:40.447068+00:00Z,poc-tx
TX-001043,ACC_000871,ACC_000144,26102,SGD,SGD,2025-09-14T19:28:34.447093+00:00Z,poc-tx
TX-001044,ACC_000869,ACC_000372,121359,SGD,SGD,2025-09-11T12:07:17.447117+00:00Z,poc-tx
TX-001045,ACC_000475,ACC_000822,120496,SGD,SGD,2025-09-15T11:40:06.447133+00:00Z,poc-tx
TX-001046,ACC_000044,ACC_000399,4686971,IDR,USD,2025-09-15T11:59:57.447141+00:00Z,poc-tx
TX-001047,ACC_000721,ACC_000239,965,USD,USD,2025-09-14T21:20:01.447162+00:00Z,poc-tx
TX-001048,ACC_000167,ACC_000217,37538,SGD,USD,2025-09-12T20:06:03.447173+00:00Z,poc-tx
TX-001049,ACC_000230,ACC_000204,108140,SGD,SGD,2025-09-13T09:18:30.447184+00:00Z,poc-tx
TX-001050,ACC_000327,ACC_000213,59926,SGD,IDR,2025-09-14T20:49:32.447197+00:00Z,poc-tx
TX-001051,ACC_000400,ACC_000487,4277185,IDR,USD,2025-09-15T13:20:42.447212+00:00Z,poc-tx
TX-001052,ACC_000869,ACC_000405,76291,SGD,SGD,2025-09-13T11:47:51.447236+00:00Z,poc-tx
TX-001053,ACC_000322,ACC_000598,880046,IDR,USD,2025-09-13T18:47:41.447249+00:00Z,poc-tx
TX-001054,ACC_000935,ACC_000636,758389,IDR,IDR,2025-09-10T00:20:09.447274+00:00Z,poc-tx
TX-001055,ACC_000837,ACC_000269,85586,USD,USD,2025-09-15T22:28:48.447296+00:00Z,poc-tx
TX-001056,ACC_000612,ACC_000925,104701,SGD,SGD,2025-09-10T23:17:32.447315+00:00Z,poc-tx
TX-001057,ACC_000597,ACC_000195,11992,SGD,SGD,2025-09-12T06:58:15.447333+00:00Z,poc-tx
TX-001058,ACC_000975,ACC_000098,4724,SGD,SGD,2025-09-10T22:58:17.447358+00:00Z,poc-tx
TX-001059,ACC_000072,ACC_000643,2090587,IDR,USD,2025-09-12T01:00:02.447367+00:00Z,poc-tx
TX-001060,ACC_000205,ACC_000708,146224,USD,SGD,2025-09-15T18:31:03.447378+00:00Z,poc-tx
TX-001061,ACC_000793,ACC_000374,40309,USD,USD,2025-09-14T15:45:48.447400+00:00Z,poc-tx
TX-001062,ACC_000064,ACC_000732,83807,SGD,SGD,2025-09-12T00:30:06.447407+00:00Z,poc-tx
TX-001063,ACC_000244,ACC_000279,41339,SGD,SGD,2025-09-12T12:19:03.447419+00:00Z,poc-tx
TX-001064,ACC_000010,ACC_000722,190826,USD,USD,2025-09-14T11:14:50.447425+00:00Z,poc-tx
TX-001065,ACC_000734,ACC_000746,192293,USD,USD,2025-09-15T21:29:26.447446+00:00Z,poc-tx
TX-001066,ACC_000745,ACC_000832,167331,USD,USD,2025-09-11T13:44:40.447467+00:00Z,poc-tx
TX-001067,ACC_000126,ACC_000975,89429,USD,USD,2025-09-10T23:51:40.447476+00:00Z,poc-tx
TX-001068,ACC_000814,ACC_000604,135773,SGD,SGD,2025-09-14T06:59:54.447498+00:00Z,poc-tx
TX-001069,ACC_000275,ACC_000413,3455899,IDR,SGD,2025-09-14T11:14:23.447510+00:00Z,poc-tx
TX-001070,ACC_000973,ACC_000536,30252,SGD,IDR,2025-09-10T03:02:40.447536+00:00Z,poc-tx
TX-001071,ACC_000633,ACC_000666,2087589,IDR,IDR,2025-09-16T09:43:05.447555+00:00Z,poc-tx
TX-001072,ACC_000106,ACC_000190,2872204,IDR,SGD,2025-09-14T04:45:43.447564+00:00Z,poc-tx
TX-001073,ACC_000852,ACC_000056,1590985,IDR,IDR,2025-09-11T15:32:44.447587+00:00Z,poc-tx
TX-001074,ACC_000287,ACC_000992,3710162,IDR,USD,2025-09-13T05:39:03.447599+00:00Z,poc-tx
TX-001075,ACC_000315,ACC_000146,4209714,IDR,USD,2025-09-15T10:33:16.447612+00:00Z,poc-tx
TX-001076,ACC_000919,ACC_000527,1719544,IDR,USD,2025-09-15T12:53:02.447637+00:00Z,poc-tx
TX-001077,ACC_000842,ACC_000163,3965280,IDR,IDR,2025-09-15T17:46:17.447660+00:00Z,poc-tx
TX-001078,ACC_000496,ACC_000664,126299,SGD,SGD,2025-09-14T15:04:59.447676+00:00Z,poc-tx
TX-001079,ACC_000621,ACC_000470,35947,SGD,USD,2025-09-16T06:24:34.447696+00:00Z,poc-tx
TX-001080,ACC_000571,ACC_000404,883501,IDR,IDR,2025-09-14T23:15:52.447713+00:00Z,poc-tx
TX-001081,ACC_000601,ACC_000412,82144,USD,USD,2025-09-15T22:53:53.447731+00:00Z,poc-tx
TX-001082,ACC_000120,ACC_000729,4151902,IDR,IDR,2025-09-12T22:42:24.447740+00:00Z,poc-tx
TX-001083,ACC_000681,ACC_000011,46883,SGD,USD,2025-09-15T08:40:37.447760+00:00Z,poc-tx
TX-001084,ACC_000909,ACC_000492,3340956,IDR,IDR,2025-09-10T14:41:49.447785+00:00Z,poc-tx
TX-001085,ACC_000117,ACC_000206,96119,USD,SGD,2025-09-13T21:47:57.447794+00:00Z,poc-tx
TX-001086,ACC_000533,ACC_000388,52425,USD,USD,2025-09-16T03:57:17.447811+00:00Z,poc-tx
TX-001087,ACC_000279,ACC_000844,132093,USD,IDR,2025-09-11T09:26:29.447823+00:00Z,poc-tx
TX-001088,ACC_000821,ACC_000414,148641,USD,SGD,2025-09-11T10:57:20.447846+00:00Z,poc-tx
TX-001089,ACC_000194,ACC_000373,137256,USD,USD,2025-09-13T12:16:25.447857+00:00Z,poc-tx
TX-001090,ACC_000015,ACC_000720,3988369,IDR,IDR,2025-09-14T23:10:19.447864+00:00Z,poc-tx
TX-001091,ACC_000397,ACC_000619,1655759,IDR,IDR,2025-09-12T14:41:56.447878+00:00Z,poc-tx
TX-001092,ACC_000258,ACC_000833,100934,USD,USD,2025-09-16T09:08:55.447889+00:00Z,poc-tx
TX-001093,ACC_000662,ACC_000981,112900,SGD,SGD,2025-09-09T20:47:21.447909+00:00Z,poc-tx
TX-001094,ACC_000839,ACC_000167,150837,USD,IDR,2025-09-14T20:27:53.447932+00:00Z,poc-tx
TX-001095,ACC_000741,ACC_000384,26112,SGD,USD,2025-09-14T08:12:37.447953+00:00Z,poc-tx
TX-001096,ACC_000282,ACC_000009,3192066,IDR,SGD,2025-09-10T11:49:47.447966+00:00Z,poc-tx
TX-001097,ACC_000302,ACC_000588,1252723,IDR,IDR,2025-09-15T13:35:06.447978+00:00Z,poc-tx
TX-001098,ACC_000417,ACC_000144,64140,USD,IDR,2025-09-14T22:11:15.447993+00:00Z,poc-tx
TX-001099,ACC_000523,ACC_000512,187751,USD,USD,2025-09-16T05:23:24.448010+00:00Z,poc-tx
TX-001100,ACC_000144,ACC_000584,39415,USD,USD,2025-09-14T21:15:52.448020+00:00Z,poc-tx
TX-001101,ACC_000156,ACC_000491,151303,IDR,IDR,2025-09-14T00:35:06.448029+00:00Z,poc-tx
TX-001102,ACC_000601,ACC_000981,24717,USD,USD,2025-09-15T06:44:45.448048+00:00Z,poc-tx
TX-001103,ACC_000949,ACC_000421,77757,USD,IDR,2025-09-13T22:44:20.448073+00:00Z,poc-tx
TX-001104,ACC_000928,ACC_000641,3959860,IDR,IDR,2025-09-15T18:30:32.448098+00:00Z,poc-tx
TX-001105,ACC_000143,ACC_000629,84912,USD,USD,2025-09-13T16:07:41.448119+00:00Z,poc-tx
TX-001106,ACC_000876,ACC_000116,4626,SGD,SGD,2025-09-10T08:46:04.448143+00:00Z,poc-tx
TX-001107,ACC_000251,ACC_000821,1983797,IDR,SGD,2025-09-16T04:26:48.448155+00:00Z,poc-tx
TX-001108,ACC_000805,ACC_000675,75192,USD,USD,2025-09-12T16:49:54.448178+00:00Z,poc-tx
TX-001109,ACC_000024,ACC_000510,191646,USD,USD,2025-09-15T05:02:26.448185+00:00Z,poc-tx
TX-001110,ACC_000561,ACC_000843,4447386,IDR,IDR,2025-09-13T16:09:32.448202+00:00Z,poc-tx
TX-001111,ACC_000882,ACC_000480,1237750,IDR,IDR,2025-09-12T06:32:23.448226+00:00Z,poc-tx
TX-001112,ACC_000610,ACC_000686,3203929,IDR,IDR,2025-09-09T14:50:19.448244+00:00Z,poc-tx
TX-001113,ACC_000966,ACC_000827,137313,SGD,SGD,2025-09-13T13:48:09.448270+00:00Z,poc-tx
TX-001114,ACC_000932,ACC_000838,25520,SGD,SGD,2025-09-13T07:27:07.448294+00:00Z,poc-tx
TX-001115,ACC_000696,ACC_000643,127720,SGD,USD,2025-09-12T13:30:32.448315+00:00Z,poc-tx
TX-001116,ACC_000894,ACC_000020,150190,USD,USD,2025-09-13T00:20:33.448340+00:00Z,poc-tx
TX-001117,ACC_000885,ACC_000312,109726,SGD,SGD,2025-09-16T07:02:10.448364+00:00Z,poc-tx
TX-001118,ACC_000165,ACC_000332,149586,USD,SGD,2025-09-14T09:36:16.448374+00:00Z,poc-tx
TX-001119,ACC_000485,ACC_000999,124129,SGD,SGD,2025-09-11T18:13:01.448390+00:00Z,poc-tx
TX-001120,ACC_000387,ACC_000258,148488,SGD,IDR,2025-09-11T14:25:43.448405+00:00Z,poc-tx
TX-001121,ACC_000831,ACC_000495,103082,USD,SGD,2025-09-14T11:10:13.448428+00:00Z,poc-tx
TX-001122,ACC_000408,ACC_000767,143083,USD,SGD,2025-09-15T04:47:41.448442+00:00Z,poc-tx
TX-001123,ACC_000151,ACC_000492,111021,SGD,USD,2025-09-15T06:49:52.448452+00:00Z,poc-tx
TX-001124,ACC_000541,ACC_000733,327130,IDR,IDR,2025-09-13T18:56:23.448469+00:00Z,poc-tx
TX-001125,ACC_000819,ACC_000985,1899,SGD,IDR,2025-09-12T15:31:41.448492+00:00Z,poc-tx
TX-001126,ACC_000345,ACC_000316,142180,USD,USD,2025-09-15T06:36:24.448506+00:00Z,poc-tx
TX-001127,ACC_000343,ACC_000280,4192828,IDR,IDR,2025-09-14T09:38:17.448519+00:00Z,poc-tx
TX-001128,ACC_000944,ACC_000226,80761,SGD,SGD,2025-09-15T14:44:39.448543+00:00Z,poc-tx
TX-001129,ACC_000996,ACC_000314,3058829,IDR,IDR,2025-09-15T00:28:55.448569+00:00Z,poc-tx
TX-001130,ACC_000231,ACC_000654,25602,SGD,SGD,2025-09-12T05:29:07.448580+00:00Z,poc-tx
TX-001131,ACC_000791,ACC_000528,3569870,IDR,IDR,2025-09-15T12:11:30.448602+00:00Z,poc-tx
TX-001132,ACC_000652,ACC_000010,115465,USD,IDR,2025-09-12T08:35:26.448622+00:00Z,poc-tx
TX-001133,ACC_000036,ACC_000680,1574488,IDR,IDR,2025-09-14T11:09:59.448629+00:00Z,poc-tx
TX-001134,ACC_000685,ACC_000556,61079,USD,USD,2025-09-12T16:28:17.448649+00:00Z,poc-tx
TX-001135,ACC_000517,ACC_000705,129794,USD,IDR,2025-09-10T03:08:55.448666+00:00Z,poc-tx
TX-001136,ACC_000112,ACC_000036,2014803,IDR,IDR,2025-09-13T18:54:44.448674+00:00Z,poc-tx
TX-001137,ACC_000931,ACC_000340,86887,SGD,SGD,2025-09-14T19:10:02.448699+00:00Z,poc-tx
TX-001138,ACC_000409,ACC_000195,54621,USD,USD,2025-09-12T16:07:47.448714+00:00Z,poc-tx
TX-001139,ACC_000427,ACC_000381,58142,USD,IDR,2025-09-11T11:13:13.448729+00:00Z,poc-tx
TX-001140,ACC_000571,ACC_000140,4224725,IDR,IDR,2025-09-10T01:12:13.448747+00:00Z,poc-tx
TX-001141,ACC_000878,ACC_000260,2519207,IDR,IDR,2025-09-14T17:28:16.448770+00:00Z,poc-tx
TX-001142,ACC_000050,ACC_000380,3451022,IDR,IDR,2025-09-11T21:11:08.448777+00:00Z,poc-tx
TX-001143,ACC_000023,ACC_000144,60420,USD,USD,2025-09-11T05:46:43.448786+00:00Z,poc-tx
TX-001144,ACC_000488,ACC_000470,111188,SGD,IDR,2025-09-14T09:23:25.448803+00:00Z,poc-tx
TX-001145,ACC_000049,ACC_000136,69947,SGD,SGD,2025-09-13T12:44:28.448810+00:00Z,poc-tx
TX-001146,ACC_000451,ACC_000458,124956,SGD,SGD,2025-09-11T03:53:45.448826+00:00Z,poc-tx
TX-001147,ACC_000638,ACC_000877,34910,SGD,SGD,2025-09-14T05:41:56.448845+00:00Z,poc-tx
TX-001148,ACC_000872,ACC_000393,131979,SGD,IDR,2025-09-15T10:11:55.448869+00:00Z,poc-tx
TX-001149,ACC_000410,ACC_000169,67123,USD,IDR,2025-09-14T21:29:31.448884+00:00Z,poc-tx
TX-001150,ACC_000622,ACC_000841,3828875,IDR,IDR,2025-09-11T17:00:41.448902+00:00Z,poc-tx
TX-001151,ACC_000171,ACC_000884,107320,USD,IDR,2025-09-14T02:21:04.448913+00:00Z,poc-tx
TX-001152,ACC_000905,ACC_000675,68060,USD,SGD,2025-09-13T12:08:10.448937+00:00Z,poc-tx
TX-001153,ACC_000641,ACC_000465,2417155,IDR,IDR,2025-09-15T08:06:19.448956+00:00Z,poc-tx
TX-001154,ACC_000222,ACC_000080,2624689,IDR,SGD,2025-09-11T22:23:49.448968+00:00Z,poc-tx
TX-001155,ACC_000147,ACC_000884,14572,USD,USD,2025-09-14T01:00:45.448977+00:00Z,poc-tx
TX-001156,ACC_000875,ACC_000537,50457,USD,USD,2025-09-10T21:10:00.449001+00:00Z,poc-tx
TX-001157,ACC_000998,ACC_000686,44987,SGD,SGD,2025-09-15T21:47:19.449039+00:00Z,poc-tx
TX-001158,ACC_000455,ACC_000600,1760875,IDR,IDR,2025-09-13T23:04:45.449060+00:00Z,poc-tx
TX-001159,ACC_000281,ACC_000087,189957,USD,USD,2025-09-11T14:02:32.449074+00:00Z,poc-tx
TX-001160,ACC_000307,ACC_000843,27240,SGD,SGD,2025-09-09T22:39:29.449086+00:00Z,poc-tx
TX-001161,ACC_000332,ACC_000051,59920,SGD,SGD,2025-09-14T15:31:21.449100+00:00Z,poc-tx
TX-001162,ACC_000738,ACC_000886,4780179,IDR,IDR,2025-09-13T07:28:29.449121+00:00Z,poc-tx
TX-001163,ACC_000472,ACC_000315,68168,USD,USD,2025-09-16T08:10:35.449136+00:00Z,poc-tx
TX-001164,ACC_000230,ACC_000488,18696,SGD,SGD,2025-09-11T13:38:57.449148+00:00Z,poc-tx
TX-001165,ACC_000001,ACC_000331,149264,USD,USD,2025-09-13T04:00:49.449154+00:00Z,poc-tx
TX-001166,ACC_000872,ACC_000492,66930,SGD,SGD,2025-09-15T18:31:21.449178+00:00Z,poc-tx
TX-001167,ACC_000938,ACC_000923,95974,USD,USD,2025-09-14T09:30:17.449203+00:00Z,poc-tx
TX-001168,ACC_000570,ACC_000481,97848,USD,SGD,2025-09-10T05:49:01.449221+00:00Z,poc-tx
TX-001169,ACC_000367,ACC_000445,3136908,IDR,IDR,2025-09-12T07:38:46.449235+00:00Z,poc-tx
TX-001170,ACC_000218,ACC_000776,93021,SGD,USD,2025-09-13T02:11:01.449247+00:00Z,poc-tx
TX-001171,ACC_000483,ACC_000084,87756,USD,USD,2025-09-13T10:56:03.449263+00:00Z,poc-tx
TX-001172,ACC_000901,ACC_000748,2654487,IDR,IDR,2025-09-10T14:44:45.449287+00:00Z,poc-tx
TX-001173,ACC_000290,ACC_000706,2847266,IDR,IDR,2025-09-11T17:58:54.449299+00:00Z,poc-tx
TX-001174,ACC_000122,ACC_000707,4239124,IDR,SGD,2025-09-11T06:58:21.449308+00:00Z,poc-tx
TX-001175,ACC_000015,ACC_000018,1310795,IDR,IDR,2025-09-14T01:33:32.449315+00:00Z,poc-tx
TX-001176,ACC_000373,ACC_000755,4322523,IDR,IDR,2025-09-15T05:59:28.449329+00:00Z,poc-tx
TX-001177,ACC_000002,ACC_000049,125944,SGD,SGD,2025-09-16T03:08:40.449336+00:00Z,poc-tx
TX-001178,ACC_000810,ACC_000947,4994,USD,SGD,2025-09-13T07:35:35.449359+00:00Z,poc-tx
TX-001179,ACC_000777,ACC_000978,3014,SGD,SGD,2025-09-10T23:27:03.449381+00:00Z,poc-tx
TX-001180,ACC_000652,ACC_000194,71992,USD,USD,2025-09-10T17:06:11.449400+00:00Z,poc-tx
TX-001181,ACC_000283,ACC_000776,148107,USD,USD,2025-09-14T19:40:52.449413+00:00Z,poc-tx
TX-001182,ACC_000551,ACC_000125,4786962,IDR,IDR,2025-09-12T22:40:46.449431+00:00Z,poc-tx
TX-001183,ACC_000247,ACC_000809,18052,SGD,USD,2025-09-09T21:04:27.449449+00:00Z,poc-tx
TX-001184,ACC_000887,ACC_000057,98352,USD,USD,2025-09-12T06:24:37.449488+00:00Z,poc-tx
TX-001185,ACC_000790,ACC_000194,59527,USD,USD,2025-09-14T10:11:25.449533+00:00Z,poc-tx
TX-001186,ACC_000743,ACC_000428,4645947,IDR,IDR,2025-09-11T09:29:53.449565+00:00Z,poc-tx
TX-001187,ACC_000648,ACC_000895,51441,SGD,IDR,2025-09-10T07:28:08.449596+00:00Z,poc-tx
TX-001188,ACC_000396,ACC_000076,19694,SGD,IDR,2025-09-16T04:18:27.449618+00:00Z,poc-tx
TX-001189,ACC_000393,ACC_000155,107250,USD,SGD,2025-09-10T23:46:37.449641+00:00Z,poc-tx
TX-001190,ACC_000515,ACC_000133,4204695,IDR,USD,2025-09-09T17:24:41.449666+00:00Z,poc-tx
TX-001191,ACC_000147,ACC_000358,69610,USD,SGD,2025-09-12T16:15:57.449682+00:00Z,poc-tx
TX-001192,ACC_000153,ACC_000159,987644,IDR,IDR,2025-09-10T00:05:27.449696+00:00Z,poc-tx
TX-001193,ACC_000294,ACC_000867,35122,SGD,SGD,2025-09-14T10:10:34.449716+00:00Z,poc-tx
TX-001194,ACC_000977,ACC_000362,93264,USD,USD,2025-09-15T03:12:52.449755+00:00Z,poc-tx
TX-001195,ACC_000401,ACC_000849,90396,SGD,USD,2025-09-12T22:10:10.449778+00:00Z,poc-tx
TX-001196,ACC_000420,ACC_000469,119539,USD,USD,2025-09-13T00:46:26.449800+00:00Z,poc-tx
TX-001197,ACC_000981,ACC_000312,73479,USD,USD,2025-09-16T02:01:39.449874+00:00Z,poc-tx
TX-001198,ACC_000455,ACC_000072,1076730,IDR,USD,2025-09-14T02:41:40.449906+00:00Z,poc-tx
TX-001199,ACC_000860,ACC_000670,380465,IDR,IDR,2025-09-11T05:50:39.449945+00:00Z,poc-tx
TX-001200,ACC_000253,ACC_000370,2332033,IDR,IDR,2025-09-12T01:48:28.449964+00:00Z,poc-tx
TX-001201,ACC_000549,ACC_000284,145048,USD,USD,2025-09-09T19:24:43.449990+00:00Z,poc-tx
TX-001202,ACC_000801,ACC_000789,1529377,IDR,IDR,2025-09-10T23:26:39.450025+00:00Z,poc-tx
TX-001203,ACC_000419,ACC_000183,145512,SGD,SGD,2025-09-13T17:30:56.450048+00:00Z,poc-tx
TX-001204,ACC_000724,ACC_000663,186896,USD,SGD,2025-09-13T23:08:59.450081+00:00Z,poc-tx
TX-001205,ACC_000467,ACC_000018,16377,SGD,USD,2025-09-10T17:48:48.450111+00:00Z,poc-tx
TX-001206,ACC_000402,ACC_000815,165445,USD,USD,2025-09-14T02:30:12.450136+00:00Z,poc-tx
TX-001207,ACC_000142,ACC_000812,3616086,IDR,IDR,2025-09-15T12:29:32.450155+00:00Z,poc-tx
TX-001208,ACC_000493,ACC_000164,1832297,IDR,USD,2025-09-15T01:56:35.450181+00:00Z,poc-tx
TX-001209,ACC_000300,ACC_000358,4607812,IDR,IDR,2025-09-12T13:17:02.450200+00:00Z,poc-tx
TX-001210,ACC_000023,ACC_000128,117096,USD,USD,2025-09-09T14:47:06.450211+00:00Z,poc-tx
TX-001211,ACC_000016,ACC_000627,139618,SGD,SGD,2025-09-15T20:32:55.450222+00:00Z,poc-tx
TX-001212,ACC_000175,ACC_000388,192015,USD,USD,2025-09-16T01:22:33.450238+00:00Z,poc-tx
TX-001213,ACC_000014,ACC_000684,90325,SGD,USD,2025-09-16T04:05:56.450249+00:00Z,poc-tx
TX-001214,ACC_000459,ACC_000737,142441,SGD,SGD,2025-09-09T17:29:05.450274+00:00Z,poc-tx
TX-001215,ACC_000775,ACC_000571,175,USD,USD,2025-09-13T23:00:29.450314+00:00Z,poc-tx
TX-001216,ACC_000616,ACC_000038,54272,IDR,IDR,2025-09-10T18:32:02.450346+00:00Z,poc-tx
TX-001217,ACC_000856,ACC_000892,35282,USD,SGD,2025-09-10T15:14:55.450383+00:00Z,poc-tx
TX-001218,ACC_000049,ACC_000195,8342,SGD,SGD,2025-09-12T00:23:08.450396+00:00Z,poc-tx
TX-001219,ACC_000559,ACC_000969,3342953,IDR,USD,2025-09-14T10:56:32.450424+00:00Z,poc-tx
TX-001220,ACC_000257,ACC_000259,3158363,IDR,SGD,2025-09-14T00:26:02.450444+00:00Z,poc-tx
TX-001221,ACC_000629,ACC_000647,58173,USD,SGD,2025-09-14T17:31:33.450476+00:00Z,poc-tx
TX-001222,ACC_000333,ACC_000503,4958055,IDR,IDR,2025-09-10T08:09:55.450496+00:00Z,poc-tx
TX-001223,ACC_000227,ACC_000010,96593,SGD,SGD,2025-09-15T06:30:03.450513+00:00Z,poc-tx
TX-001224,ACC_000282,ACC_000329,843102,IDR,IDR,2025-09-14T03:31:22.450533+00:00Z,poc-tx
TX-001225,ACC_000246,ACC_000173,143738,USD,USD,2025-09-16T02:15:21.450548+00:00Z,poc-tx
TX-001226,ACC_000071,ACC_000865,82406,SGD,SGD,2025-09-11T21:02:47.450556+00:00Z,poc-tx
TX-001227,ACC_000913,ACC_000997,3885921,IDR,IDR,2025-09-14T21:05:07.450581+00:00Z,poc-tx
TX-001228,ACC_000407,ACC_000478,68768,USD,IDR,2025-09-15T07:37:36.450596+00:00Z,poc-tx
TX-001229,ACC_000066,ACC_000612,82187,USD,IDR,2025-09-13T02:29:52.450605+00:00Z,poc-tx
TX-001230,ACC_000503,ACC_000834,732293,IDR,IDR,2025-09-11T02:30:28.450621+00:00Z,poc-tx
TX-001231,ACC_000572,ACC_000557,1818876,IDR,IDR,2025-09-13T23:53:46.450639+00:00Z,poc-tx
TX-001232,ACC_000986,ACC_000073,43949,SGD,IDR,2025-09-12T19:11:41.450668+00:00Z,poc-tx
TX-001233,ACC_000724,ACC_000809,8558,USD,USD,2025-09-10T07:00:15.450688+00:00Z,poc-tx
TX-001234,ACC_000539,ACC_000206,39942,USD,USD,2025-09-13T01:57:08.450705+00:00Z,poc-tx
TX-001235,ACC_000501,ACC_000102,83020,SGD,IDR,2025-09-10T03:21:25.450722+00:00Z,poc-tx
TX-001236,ACC_000060,ACC_000109,68704,SGD,IDR,2025-09-15T19:59:56.450730+00:00Z,poc-tx
TX-001237,ACC_000985,ACC_000559,1865597,IDR,SGD,2025-09-16T01:19:18.450757+00:00Z,poc-tx
TX-001238,ACC_000406,ACC_000371,29196,USD,IDR,2025-09-12T01:08:24.450771+00:00Z,poc-tx
TX-001239,ACC_000413,ACC_000742,12592,SGD,SGD,2025-09-16T03:03:05.450786+00:00Z,poc-tx
TX-001240,ACC_000483,ACC_000465,50523,USD,USD,2025-09-14T19:08:26.450802+00:00Z,poc-tx
TX-001241,ACC_000084,ACC_000728,1572007,IDR,SGD,2025-09-12T12:29:22.450810+00:00Z,poc-tx
TX-001242,ACC_000762,ACC_000812,66421,SGD,USD,2025-09-10T09:12:40.450832+00:00Z,poc-tx
TX-001243,ACC_000240,ACC_000727,182427,USD,USD,2025-09-10T13:51:58.450843+00:00Z,poc-tx
TX-001244,ACC_000718,ACC_000596,3948878,IDR,IDR,2025-09-15T07:10:51.450887+00:00Z,poc-tx
TX-001245,ACC_000061,ACC_000736,88308,USD,IDR,2025-09-09T23:03:15.450896+00:00Z,poc-tx
TX-001246,ACC_000889,ACC_000381,91479,SGD,IDR,2025-09-15T11:55:40.450920+00:00Z,poc-tx
TX-001247,ACC_000695,ACC_000632,2965944,IDR,IDR,2025-09-14T17:29:16.450940+00:00Z,poc-tx
TX-001248,ACC_000121,ACC_000800,4985744,IDR,SGD,2025-09-11T07:55:28.450950+00:00Z,poc-tx
TX-001249,ACC_000818,ACC_000060,194081,USD,IDR,2025-09-13T16:11:08.450972+00:00Z,poc-tx
TX-001250,ACC_000268,ACC_000503,22438,SGD,IDR,2025-09-13T04:56:47.450985+00:00Z,poc-tx
TX-001251,ACC_000433,ACC_000805,59493,SGD,SGD,2025-09-12T12:12:13.451000+00:00Z,poc-tx
TX-001252,ACC_000668,ACC_000663,2684472,IDR,IDR,2025-09-16T06:36:22.451020+00:00Z,poc-tx
TX-001253,ACC_000346,ACC_000014,4907565,IDR,IDR,2025-09-16T09:03:53.451051+00:00Z,poc-tx
TX-001254,ACC_000980,ACC_000672,3888255,IDR,IDR,2025-09-15T16:56:04.451084+00:00Z,poc-tx
TX-001255,ACC_000975,ACC_000866,144076,SGD,SGD,2025-09-13T10:35:20.451110+00:00Z,poc-tx
TX-001256,ACC_000023,ACC_000702,90434,USD,USD,2025-09-13T17:28:32.451117+00:00Z,poc-tx
TX-001257,ACC_000309,ACC_000983,3178,SGD,SGD,2025-09-10T09:30:50.451129+00:00Z,poc-tx
TX-001258,ACC_000135,ACC_000405,4719555,IDR,SGD,2025-09-11T13:29:35.451139+00:00Z,poc-tx
TX-001259,ACC_000810,ACC_000290,27239,USD,USD,2025-09-12T07:41:05.451161+00:00Z,poc-tx
TX-001260,ACC_000045,ACC_000658,2313446,IDR,IDR,2025-09-14T11:59:16.451169+00:00Z,poc-tx
TX-001261,ACC_000096,ACC_000578,2891800,IDR,IDR,2025-09-13T14:05:29.451178+00:00Z,poc-tx
TX-001262,ACC_000966,ACC_000757,32572,SGD,SGD,2025-09-12T15:54:04.451203+00:00Z,poc-tx
TX-001263,ACC_000585,ACC_000236,58980,SGD,SGD,2025-09-13T10:40:43.451221+00:00Z,poc-tx
TX-001264,ACC_000579,ACC_000454,10000,SGD,SGD,2025-09-14T23:29:25.451239+00:00Z,poc-tx
TX-001265,ACC_000371,ACC_000495,20761,USD,USD,2025-09-15T14:18:27.451253+00:00Z,poc-tx
TX-001266,ACC_000259,ACC_000303,4373229,IDR,USD,2025-09-13T01:44:04.451265+00:00Z,poc-tx
TX-001267,ACC_000183,ACC_000550,4243333,IDR,SGD,2025-09-11T15:01:18.451276+00:00Z,poc-tx
TX-001268,ACC_000453,ACC_000207,3665847,IDR,USD,2025-09-15T23:06:26.451292+00:00Z,poc-tx
TX-001269,ACC_000128,ACC_000477,62051,IDR,IDR,2025-09-14T07:46:55.451301+00:00Z,poc-tx
TX-001270,ACC_000451,ACC_000627,20006,SGD,SGD,2025-09-11T12:08:17.451316+00:00Z,poc-tx
TX-001271,ACC_000078,ACC_000353,142085,SGD,SGD,2025-09-10T07:23:08.451324+00:00Z,poc-tx
TX-001272,ACC_000938,ACC_000928,80217,USD,USD,2025-09-15T12:42:57.451349+00:00Z,poc-tx
TX-001273,ACC_000006,ACC_000235,1049259,IDR,IDR,2025-09-09T17:55:01.451356+00:00Z,poc-tx
TX-001274,ACC_000125,ACC_000060,38352,USD,USD,2025-09-12T09:46:57.451365+00:00Z,poc-tx
TX-001275,ACC_000216,ACC_000788,16687,SGD,SGD,2025-09-10T18:17:47.451376+00:00Z,poc-tx
TX-001276,ACC_000318,ACC_000739,14041,SGD,SGD,2025-09-12T03:26:09.451389+00:00Z,poc-tx
TX-001277,ACC_000997,ACC_000597,12824,SGD,SGD,2025-09-10T17:57:55.451415+00:00Z,poc-tx
TX-001278,ACC_000795,ACC_000774,494971,IDR,IDR,2025-09-14T03:05:52.451437+00:00Z,poc-tx
TX-001279,ACC_000397,ACC_000854,3346721,IDR,IDR,2025-09-10T04:45:49.451451+00:00Z,poc-tx
TX-001280,ACC_000670,ACC_000614,4145873,IDR,IDR,2025-09-11T03:59:16.451471+00:00Z,poc-tx
TX-001281,ACC_000622,ACC_000149,1981210,IDR,USD,2025-09-13T14:52:05.451490+00:00Z,poc-tx
TX-001282,ACC_000633,ACC_000923,2749305,IDR,IDR,2025-09-13T08:50:07.451508+00:00Z,poc-tx
TX-001283,ACC_000535,ACC_000077,150981,USD,USD,2025-09-14T06:40:56.451526+00:00Z,poc-tx
TX-001284,ACC_000628,ACC_000505,385301,IDR,IDR,2025-09-12T13:29:54.451544+00:00Z,poc-tx
TX-001285,ACC_000762,ACC_000528,7577,SGD,IDR,2025-09-12T23:56:54.451566+00:00Z,poc-tx
TX-001286,ACC_000819,ACC_000218,27676,SGD,SGD,2025-09-15T02:42:57.451589+00:00Z,poc-tx
TX-001287,ACC_000997,ACC_000164,81990,SGD,SGD,2025-09-14T07:34:53.451615+00:00Z,poc-tx
TX-001288,ACC_000551,ACC_000538,2956778,IDR,USD,2025-09-13T09:20:06.451633+00:00Z,poc-tx
TX-001289,ACC_000359,ACC_000319,6668,SGD,IDR,2025-09-12T15:38:32.451675+00:00Z,poc-tx
TX-001290,ACC_000944,ACC_000979,37326,SGD,SGD,2025-09-14T09:07:56.451701+00:00Z,poc-tx
TX-001291,ACC_000096,ACC_000158,3526790,IDR,IDR,2025-09-12T23:24:54.451709+00:00Z,poc-tx
TX-001292,ACC_000197,ACC_000145,43869,SGD,IDR,2025-09-13T22:10:43.451720+00:00Z,poc-tx
TX-001293,ACC_000758,ACC_000625,9034,SGD,SGD,2025-09-10T20:59:43.451742+00:00Z,poc-tx
TX-001294,ACC_000527,ACC_000996,16563,SGD,SGD,2025-09-16T05:42:52.451759+00:00Z,poc-tx
TX-001295,ACC_000339,ACC_000742,146223,USD,SGD,2025-09-15T21:32:48.451773+00:00Z,poc-tx
TX-001296,ACC_000763,ACC_000554,12485,SGD,SGD,2025-09-10T22:30:31.451795+00:00Z,poc-tx
TX-001297,ACC_000165,ACC_000250,80432,USD,IDR,2025-09-13T13:38:54.451805+00:00Z,poc-tx
TX-001298,ACC_000382,ACC_000103,2347077,IDR,USD,2025-09-10T07:27:17.451820+00:00Z,poc-tx
TX-001299,ACC_000383,ACC_000065,148416,SGD,SGD,2025-09-13T00:47:59.451834+00:00Z,poc-tx
TX-001300,ACC_000644,ACC_000218,95522,USD,USD,2025-09-13T01:43:46.451853+00:00Z,poc-tx
TX-001301,ACC_000074,ACC_000354,134292,USD,USD,2025-09-12T21:01:01.451861+00:00Z,poc-tx
TX-001302,ACC_000429,ACC_000098,1868006,IDR,IDR,2025-09-11T13:29:01.451877+00:00Z,poc-tx
TX-001303,ACC_000201,ACC_000813,3825783,IDR,IDR,2025-09-15T01:47:56.451887+00:00Z,poc-tx
TX-001304,ACC_000533,ACC_000497,18012,USD,SGD,2025-09-16T10:21:06.451905+00:00Z,poc-tx
TX-001305,ACC_000006,ACC_000406,225370,IDR,IDR,2025-09-11T11:04:22.451912+00:00Z,poc-tx
TX-001306,ACC_000819,ACC_000099,96856,SGD,SGD,2025-09-09T13:53:33.451934+00:00Z,poc-tx
TX-001307,ACC_000169,ACC_000387,152804,USD,IDR,2025-09-11T20:04:16.451945+00:00Z,poc-tx
TX-001308,ACC_000113,ACC_000557,87873,USD,SGD,2025-09-10T20:55:38.451954+00:00Z,poc-tx
TX-001309,ACC_000454,ACC_000417,1047522,IDR,USD,2025-09-10T02:20:51.451970+00:00Z,poc-tx
TX-001310,ACC_000732,ACC_000514,67988,SGD,SGD,2025-09-09T16:47:13.451991+00:00Z,poc-tx
TX-001311,ACC_000724,ACC_000031,185194,USD,USD,2025-09-10T22:39:19.452011+00:00Z,poc-tx
TX-001312,ACC_000384,ACC_000357,3792809,IDR,IDR,2025-09-16T10:06:25.452025+00:00Z,poc-tx
TX-001313,ACC_000800,ACC_000250,94870,SGD,IDR,2025-09-16T07:03:41.452048+00:00Z,poc-tx
TX-001314,ACC_000108,ACC_000183,85407,SGD,SGD,2025-09-15T22:09:52.452057+00:00Z,poc-tx
TX-001315,ACC_000807,ACC_000106,4043487,IDR,USD,2025-09-13T16:11:47.452079+00:00Z,poc-tx
TX-001316,ACC_000287,ACC_000109,1805469,IDR,IDR,2025-09-10T09:19:16.452091+00:00Z,poc-tx
TX-001317,ACC_000932,ACC_000934,12648,SGD,USD,2025-09-14T12:17:07.452116+00:00Z,poc-tx
TX-001318,ACC_000885,ACC_000086,11497,SGD,IDR,2025-09-16T00:09:11.452141+00:00Z,poc-tx
TX-001319,ACC_000565,ACC_000554,105142,SGD,USD,2025-09-09T22:56:44.452159+00:00Z,poc-tx
TX-001320,ACC_000580,ACC_000352,61134,SGD,IDR,2025-09-12T00:20:30.452177+00:00Z,poc-tx
TX-001321,ACC_000616,ACC_000807,1742655,IDR,USD,2025-09-15T09:31:48.452196+00:00Z,poc-tx
TX-001322,ACC_000728,ACC_000277,2765023,IDR,USD,2025-09-15T08:25:11.452217+00:00Z,poc-tx
TX-001323,ACC_000309,ACC_000692,133620,SGD,SGD,2025-09-09T20:17:34.452230+00:00Z,poc-tx
TX-001324,ACC_000402,ACC_000012,118574,USD,USD,2025-09-15T11:20:33.452244+00:00Z,poc-tx
TX-001325,ACC_000496,ACC_000757,73872,SGD,SGD,2025-09-16T08:06:45.452261+00:00Z,poc-tx
TX-001326,ACC_000949,ACC_000493,133695,USD,USD,2025-09-12T12:08:38.452286+00:00Z,poc-tx
TX-001327,ACC_000178,ACC_000143,186559,USD,USD,2025-09-13T07:59:16.452296+00:00Z,poc-tx
TX-001328,ACC_000677,ACC_000621,115949,USD,USD,2025-09-11T16:39:31.452316+00:00Z,poc-tx
TX-001329,ACC_000912,ACC_000235,75730,USD,USD,2025-09-15T23:04:57.452340+00:00Z,poc-tx
TX-001330,ACC_000460,ACC_000405,16575,USD,USD,2025-09-11T11:06:02.452356+00:00Z,poc-tx
TX-001331,ACC_000334,ACC_000696,4070,SGD,SGD,2025-09-15T15:37:20.452369+00:00Z,poc-tx
TX-001332,ACC_000357,ACC_000130,10556,USD,SGD,2025-09-11T11:16:15.452383+00:00Z,poc-tx
TX-001333,ACC_000251,ACC_000776,595404,IDR,SGD,2025-09-11T06:37:30.452395+00:00Z,poc-tx
TX-001334,ACC_000455,ACC_000539,1151694,IDR,SGD,2025-09-13T04:16:21.452411+00:00Z,poc-tx
TX-001335,ACC_000312,ACC_000322,3899076,IDR,IDR,2025-09-12T08:26:39.452423+00:00Z,poc-tx
TX-001336,ACC_000661,ACC_000593,4584074,IDR,IDR,2025-09-15T18:28:30.452443+00:00Z,poc-tx
TX-001337,ACC_000569,ACC_000964,80795,USD,USD,2025-09-14T21:16:27.452461+00:00Z,poc-tx
TX-001338,ACC_000656,ACC_000308,4902029,IDR,USD,2025-09-12T16:03:41.452481+00:00Z,poc-tx
TX-001339,ACC_000009,ACC_000983,98391,SGD,SGD,2025-09-12T06:10:09.452487+00:00Z,poc-tx
TX-001340,ACC_000092,ACC_000891,4518875,IDR,IDR,2025-09-13T09:11:20.452496+00:00Z,poc-tx
TX-001341,ACC_000928,ACC_000525,1948259,IDR,USD,2025-09-11T10:24:54.452521+00:00Z,poc-tx
TX-001342,ACC_000764,ACC_000801,1871825,IDR,IDR,2025-09-16T05:41:11.452542+00:00Z,poc-tx
TX-001343,ACC_000348,ACC_000438,84142,IDR,IDR,2025-09-09T13:13:07.452555+00:00Z,poc-tx
TX-001344,ACC_000578,ACC_000585,29341,USD,IDR,2025-09-15T18:08:21.452574+00:00Z,poc-tx
TX-001345,ACC_000591,ACC_000474,56273,SGD,IDR,2025-09-11T18:03:25.452592+00:00Z,poc-tx
TX-001346,ACC_000212,ACC_000996,782487,IDR,IDR,2025-09-11T13:46:52.452603+00:00Z,poc-tx
TX-001347,ACC_000614,ACC_000048,78930,SGD,SGD,2025-09-11T18:14:53.452621+00:00Z,poc-tx
TX-001348,ACC_000094,ACC_000827,87855,USD,USD,2025-09-11T12:33:02.452629+00:00Z,poc-tx
TX-001349,ACC_000812,ACC_000551,2556808,IDR,IDR,2025-09-15T02:56:53.452652+00:00Z,poc-tx
TX-001350,ACC_000023,ACC_000134,109004,USD,USD,2025-09-12T18:08:46.452659+00:00Z,poc-tx
TX-001351,ACC_000034,ACC_000180,125678,SGD,USD,2025-09-12T11:56:16.452666+00:00Z,poc-tx
TX-001352,ACC_000661,ACC_000742,3695723,IDR,IDR,2025-09-13T12:18:50.452686+00:00Z,poc-tx
TX-001353,ACC_000066,ACC_000625,63283,USD,USD,2025-09-09T18:48:32.452694+00:00Z,poc-tx
TX-001354,ACC_000925,ACC_000879,1618386,IDR,IDR,2025-09-13T05:55:10.452718+00:00Z,poc-tx
TX-001355,ACC_000887,ACC_000145,102523,USD,USD,2025-09-11T23:02:17.452742+00:00Z,poc-tx
TX-001356,ACC_000365,ACC_000130,99724,USD,SGD,2025-09-10T04:32:55.452756+00:00Z,poc-tx
TX-001357,ACC_000998,ACC_000399,53092,SGD,SGD,2025-09-11T14:23:21.452782+00:00Z,poc-tx
TX-001358,ACC_000916,ACC_000238,2566563,IDR,IDR,2025-09-15T09:51:17.452807+00:00Z,poc-tx
TX-001359,ACC_000092,ACC_000852,3172301,IDR,IDR,2025-09-15T21:24:32.452815+00:00Z,poc-tx
TX-001360,ACC_000701,ACC_000623,170933,USD,USD,2025-09-13T14:05:34.452835+00:00Z,poc-tx
TX-001361,ACC_000177,ACC_000672,1894464,IDR,IDR,2025-09-10T13:30:40.452845+00:00Z,poc-tx
TX-001362,ACC_000773,ACC_000473,71400,SGD,SGD,2025-09-09T18:56:52.452867+00:00Z,poc-tx
TX-001363,ACC_000954,ACC_000261,2635221,IDR,USD,2025-09-14T12:51:14.452892+00:00Z,poc-tx
TX-001364,ACC_000769,ACC_000842,62605,SGD,SGD,2025-09-10T03:06:13.452914+00:00Z,poc-tx
TX-001365,ACC_000129,ACC_000450,117285,SGD,SGD,2025-09-16T10:59:20.452923+00:00Z,poc-tx
TX-001366,ACC_000387,ACC_000348,76432,SGD,SGD,2025-09-11T05:47:48.452937+00:00Z,poc-tx
TX-001367,ACC_000482,ACC_000151,122931,SGD,SGD,2025-09-12T19:20:42.452954+00:00Z,poc-tx
TX-001368,ACC_000108,ACC_000838,75254,SGD,IDR,2025-09-11T15:37:16.452963+00:00Z,poc-tx
TX-001369,ACC_000519,ACC_000945,25358,SGD,SGD,2025-09-09T23:52:56.452980+00:00Z,poc-tx
TX-001370,ACC_000502,ACC_000524,850931,IDR,IDR,2025-09-09T14:46:13.452996+00:00Z,poc-tx
TX-001371,ACC_000538,ACC_000405,3483152,IDR,USD,2025-09-15T01:24:42.453014+00:00Z,poc-tx
TX-001372,ACC_000924,ACC_000621,185659,USD,USD,2025-09-12T02:58:40.453052+00:00Z,poc-tx
TX-001373,ACC_000485,ACC_000072,25628,SGD,SGD,2025-09-09T15:00:03.453075+00:00Z,poc-tx
TX-001374,ACC_000390,ACC_000474,1830143,IDR,USD,2025-09-11T08:11:54.453093+00:00Z,poc-tx
TX-001375,ACC_000811,ACC_000784,128196,SGD,SGD,2025-09-15T17:38:25.453116+00:00Z,poc-tx
TX-001376,ACC_000270,ACC_000442,13128,USD,IDR,2025-09-14T02:37:18.453129+00:00Z,poc-tx
TX-001377,ACC_000059,ACC_000609,1182639,IDR,SGD,2025-09-15T06:56:18.453138+00:00Z,poc-tx
TX-001378,ACC_000555,ACC_000591,21277,USD,IDR,2025-09-12T03:08:13.453156+00:00Z,poc-tx
TX-001379,ACC_000703,ACC_000255,99730,SGD,SGD,2025-09-11T22:01:26.453290+00:00Z,poc-tx
TX-001380,ACC_000785,ACC_000815,81628,SGD,SGD,2025-09-13T17:33:09.453347+00:00Z,poc-tx
TX-001381,ACC_000685,ACC_000516,85102,USD,USD,2025-09-15T05:10:02.453406+00:00Z,poc-tx
TX-001382,ACC_000619,ACC_000107,908505,IDR,IDR,2025-09-15T12:52:43.453436+00:00Z,poc-tx
TX-001383,ACC_000526,ACC_000879,93636,SGD,SGD,2025-09-12T13:17:56.453464+00:00Z,poc-tx
TX-001384,ACC_000683,ACC_000422,182904,USD,USD,2025-09-10T18:44:23.453493+00:00Z,poc-tx
TX-001385,ACC_000104,ACC_000853,3296650,IDR,SGD,2025-09-15T00:24:25.453507+00:00Z,poc-tx
TX-001386,ACC_000308,ACC_000877,92034,SGD,USD,2025-09-12T06:44:59.453525+00:00Z,poc-tx
TX-001387,ACC_000530,ACC_000386,3982261,IDR,IDR,2025-09-09T16:42:11.453549+00:00Z,poc-tx
TX-001388,ACC_000236,ACC_000281,3344333,IDR,SGD,2025-09-12T02:50:42.453564+00:00Z,poc-tx
TX-001389,ACC_000840,ACC_000912,7380,SGD,SGD,2025-09-12T19:47:55.453612+00:00Z,poc-tx
TX-001390,ACC_000884,ACC_000066,1822067,IDR,IDR,2025-09-15T20:33:36.453647+00:00Z,poc-tx
TX-001391,ACC_000010,ACC_000757,38810,USD,IDR,2025-09-10T11:38:19.453655+00:00Z,poc-tx
TX-001392,ACC_000967,ACC_000798,2997209,IDR,IDR,2025-09-12T19:24:13.453692+00:00Z,poc-tx
TX-001393,ACC_000245,ACC_000775,126010,SGD,SGD,2025-09-10T03:36:25.453707+00:00Z,poc-tx
TX-001394,ACC_000410,ACC_000085,85741,USD,USD,2025-09-09T22:02:03.453727+00:00Z,poc-tx
TX-001395,ACC_000523,ACC_000986,197324,USD,USD,2025-09-14T04:39:15.453750+00:00Z,poc-tx
TX-001396,ACC_000300,ACC_000842,3162458,IDR,IDR,2025-09-09T19:29:40.453767+00:00Z,poc-tx
TX-001397,ACC_000403,ACC_000620,2736691,IDR,USD,2025-09-13T07:48:14.453787+00:00Z,poc-tx
TX-001398,ACC_000074,ACC_000205,3389,USD,SGD,2025-09-10T04:55:39.453797+00:00Z,poc-tx
TX-001399,ACC_000482,ACC_000030,98818,SGD,SGD,2025-09-15T21:50:28.453820+00:00Z,poc-tx
TX-001400,ACC_000784,ACC_000836,10026,SGD,SGD,2025-09-10T09:23:31.453851+00:00Z,poc-tx
TX-001401,ACC_000154,ACC_000933,329565,IDR,IDR,2025-09-16T00:15:50.453863+00:00Z,poc-tx
TX-001402,ACC_000797,ACC_000398,4647826,IDR,IDR,2025-09-15T13:19:38.453895+00:00Z,poc-tx
TX-001403,ACC_000486,ACC_000635,62995,SGD,SGD,2025-09-11T16:34:18.453917+00:00Z,poc-tx
TX-001404,ACC_000512,ACC_000021,131719,SGD,IDR,2025-09-12T21:57:34.453940+00:00Z,poc-tx
TX-001405,ACC_000922,ACC_000173,5048,SGD,SGD,2025-09-15T19:02:55.453976+00:00Z,poc-tx
TX-001406,ACC_000546,ACC_000039,360154,IDR,USD,2025-09-14T16:35:31.454001+00:00Z,poc-tx
TX-001407,ACC_000429,ACC_000963,2027033,IDR,IDR,2025-09-15T18:45:28.454022+00:00Z,poc-tx
TX-001408,ACC_000977,ACC_000121,120698,USD,USD,2025-09-11T21:13:36.454059+00:00Z,poc-tx
TX-001409,ACC_000853,ACC_000549,132448,SGD,SGD,2025-09-16T01:11:17.454093+00:00Z,poc-tx
TX-001410,ACC_000597,ACC_000056,36969,SGD,USD,2025-09-11T13:48:10.454119+00:00Z,poc-tx
TX-001411,ACC_000754,ACC_000654,105635,SGD,USD,2025-09-12T07:10:21.454150+00:00Z,poc-tx
TX-001412,ACC_000411,ACC_000317,3192024,IDR,IDR,2025-09-13T07:38:13.454170+00:00Z,poc-tx
TX-001413,ACC_000793,ACC_000035,160873,USD,SGD,2025-09-12T06:35:21.454202+00:00Z,poc-tx
TX-001414,ACC_000868,ACC_000613,125959,IDR,IDR,2025-09-15T18:38:40.454236+00:00Z,poc-tx
TX-001415,ACC_000982,ACC_000234,4193409,IDR,IDR,2025-09-14T22:56:42.454274+00:00Z,poc-tx
TX-001416,ACC_000027,ACC_000484,4761309,IDR,SGD,2025-09-13T12:31:49.454283+00:00Z,poc-tx
TX-001417,ACC_000352,ACC_000582,1858296,IDR,IDR,2025-09-15T01:15:37.454301+00:00Z,poc-tx
TX-001418,ACC_000946,ACC_000660,4302184,IDR,IDR,2025-09-14T01:59:04.454337+00:00Z,poc-tx
TX-001419,ACC_000706,ACC_000846,18734,SGD,SGD,2025-09-12T09:02:21.454366+00:00Z,poc-tx
TX-001420,ACC_000465,ACC_000862,1588807,IDR,SGD,2025-09-11T09:59:53.454388+00:00Z,poc-tx
TX-001421,ACC_000938,ACC_000906,23494,USD,USD,2025-09-12T14:02:25.454424+00:00Z,poc-tx
TX-001422,ACC_000745,ACC_000578,135880,USD,USD,2025-09-10T06:14:05.454455+00:00Z,poc-tx
TX-001423,ACC_000841,ACC_000716,4490383,IDR,IDR,2025-09-10T17:06:40.454488+00:00Z,poc-tx
TX-001424,ACC_000662,ACC_000082,112993,SGD,SGD,2025-09-09T14:06:42.454515+00:00Z,poc-tx
TX-001425,ACC_000709,ACC_000229,109331,SGD,SGD,2025-09-10T13:02:50.454544+00:00Z,poc-tx
TX-001426,ACC_000693,ACC_000330,147961,SGD,SGD,2025-09-11T16:30:48.454573+00:00Z,poc-tx
TX-001427,ACC_000548,ACC_000867,100382,SGD,IDR,2025-09-12T02:15:55.454597+00:00Z,poc-tx
TX-001428,ACC_000337,ACC_000675,475826,IDR,IDR,2025-09-12T22:49:51.454615+00:00Z,poc-tx
TX-001429,ACC_000344,ACC_000896,109572,IDR,IDR,2025-09-16T08:07:02.454633+00:00Z,poc-tx
TX-001430,ACC_000882,ACC_000097,988584,IDR,IDR,2025-09-13T18:40:49.454667+00:00Z,poc-tx
TX-001431,ACC_000469,ACC_000343,18215,USD,USD,2025-09-14T11:15:04.454689+00:00Z,poc-tx
TX-001432,ACC_000540,ACC_000641,11746,SGD,SGD,2025-09-15T02:01:16.454713+00:00Z,poc-tx
TX-001433,ACC_000781,ACC_000893,1090262,IDR,IDR,2025-09-12T10:05:50.454744+00:00Z,poc-tx
TX-001434,ACC_000338,ACC_000459,63052,SGD,SGD,2025-09-15T08:32:31.454762+00:00Z,poc-tx
TX-001435,ACC_000438,ACC_000089,3121425,IDR,IDR,2025-09-12T01:05:08.454782+00:00Z,poc-tx
TX-001436,ACC_000843,ACC_000588,888558,IDR,IDR,2025-09-13T12:10:01.454816+00:00Z,poc-tx
TX-001437,ACC_000333,ACC_000770,1837712,IDR,IDR,2025-09-11T01:51:57.454833+00:00Z,poc-tx
TX-001438,ACC_000015,ACC_000628,192477,IDR,IDR,2025-09-11T19:50:04.454841+00:00Z,poc-tx
TX-001439,ACC_000367,ACC_000639,3274284,IDR,SGD,2025-09-13T03:13:45.454860+00:00Z,poc-tx
TX-001440,ACC_000983,ACC_000282,148816,SGD,SGD,2025-09-12T16:32:47.454897+00:00Z,poc-tx
TX-001441,ACC_000574,ACC_000621,3332111,IDR,IDR,2025-09-14T20:03:52.454951+00:00Z,poc-tx
TX-001442,ACC_000838,ACC_000119,159442,USD,USD,2025-09-11T08:46:49.454991+00:00Z,poc-tx
TX-001443,ACC_000194,ACC_000012,121715,USD,USD,2025-09-10T17:26:24.455005+00:00Z,poc-tx
TX-001444,ACC_000490,ACC_000141,1727593,IDR,IDR,2025-09-09T23:04:23.455028+00:00Z,poc-tx
TX-001445,ACC_000933,ACC_000513,84145,SGD,SGD,2025-09-12T11:08:59.455065+00:00Z,poc-tx
TX-001446,ACC_000250,ACC_000310,148463,SGD,USD,2025-09-14T08:55:36.455081+00:00Z,poc-tx
TX-001447,ACC_000821,ACC_000398,109156,USD,USD,2025-09-11T11:15:21.455114+00:00Z,poc-tx
TX-001448,ACC_000295,ACC_000607,1508278,IDR,IDR,2025-09-10T15:29:43.455130+00:00Z,poc-tx
TX-001449,ACC_000013,ACC_000459,63875,USD,USD,2025-09-12T03:36:42.455138+00:00Z,poc-tx
TX-001450,ACC_000196,ACC_000547,893063,IDR,IDR,2025-09-13T14:38:47.455151+00:00Z,poc-tx
TX-001451,ACC_000663,ACC_000746,2848450,IDR,IDR,2025-09-11T02:59:52.455179+00:00Z,poc-tx
TX-001452,ACC_000035,ACC_000794,138840,USD,USD,2025-09-12T15:28:46.455187+00:00Z,poc-tx
TX-001453,ACC_000925,ACC_000935,4291910,IDR,IDR,2025-09-13T22:57:56.455222+00:00Z,poc-tx
TX-001454,ACC_000539,ACC_000148,105809,USD,USD,2025-09-09T17:54:34.455246+00:00Z,poc-tx
TX-001455,ACC_000163,ACC_000452,198599,USD,USD,2025-09-11T01:07:23.455258+00:00Z,poc-tx
TX-001456,ACC_000386,ACC_000538,2896909,IDR,SGD,2025-09-15T16:55:07.455278+00:00Z,poc-tx
TX-001457,ACC_000047,ACC_000858,3479852,IDR,IDR,2025-09-15T05:08:14.455287+00:00Z,poc-tx
TX-001458,ACC_000315,ACC_000448,831871,IDR,IDR,2025-09-13T21:04:33.455305+00:00Z,poc-tx
TX-001459,ACC_000209,ACC_000643,3726153,IDR,IDR,2025-09-13T21:44:02.455318+00:00Z,poc-tx
TX-001460,ACC_000272,ACC_000367,890371,IDR,IDR,2025-09-11T20:50:54.455334+00:00Z,poc-tx
TX-001461,ACC_000806,ACC_000255,22587,SGD,SGD,2025-09-12T12:26:11.455366+00:00Z,poc-tx
TX-001462,ACC_000768,ACC_000725,4475516,IDR,IDR,2025-09-09T22:11:09.455397+00:00Z,poc-tx
TX-001463,ACC_000076,ACC_000109,4224254,IDR,SGD,2025-09-10T15:00:53.455407+00:00Z,poc-tx
TX-001464,ACC_000370,ACC_000541,179068,USD,IDR,2025-09-11T13:50:58.455426+00:00Z,poc-tx
TX-001465,ACC_000962,ACC_000559,55116,SGD,SGD,2025-09-10T23:20:24.455463+00:00Z,poc-tx
TX-001466,ACC_000309,ACC_000321,50067,SGD,SGD,2025-09-12T23:26:25.455480+00:00Z,poc-tx
TX-001467,ACC_000474,ACC_000836,2659519,IDR,IDR,2025-09-11T04:50:38.455502+00:00Z,poc-tx
TX-001468,ACC_000766,ACC_000087,98078,SGD,USD,2025-09-16T05:50:08.455533+00:00Z,poc-tx
TX-001469,ACC_000777,ACC_000204,7937,SGD,SGD,2025-09-12T09:34:04.455564+00:00Z,poc-tx
TX-001470,ACC_000676,ACC_000137,64983,USD,SGD,2025-09-15T08:20:37.455592+00:00Z,poc-tx
TX-001471,ACC_000475,ACC_000651,58960,SGD,SGD,2025-09-14T23:20:29.455614+00:00Z,poc-tx
TX-001472,ACC_000287,ACC_000640,4210670,IDR,IDR,2025-09-10T13:28:30.455630+00:00Z,poc-tx
TX-001473,ACC_000900,ACC_000798,4949996,IDR,IDR,2025-09-13T15:08:03.455681+00:00Z,poc-tx
TX-001474,ACC_000435,ACC_000936,143560,USD,IDR,2025-09-16T00:43:16.455703+00:00Z,poc-tx
TX-001475,ACC_000918,ACC_000152,1548818,IDR,IDR,2025-09-12T01:24:31.455739+00:00Z,poc-tx
TX-001476,ACC_000661,ACC_000368,4040522,IDR,USD,2025-09-15T16:16:37.455767+00:00Z,poc-tx
TX-001477,ACC_000303,ACC_000771,547935,IDR,IDR,2025-09-14T12:05:25.455783+00:00Z,poc-tx
TX-001478,ACC_000860,ACC_000877,463239,IDR,IDR,2025-09-09T14:54:37.455817+00:00Z,poc-tx
TX-001479,ACC_000120,ACC_000215,2498837,IDR,IDR,2025-09-15T00:25:13.455828+00:00Z,poc-tx
TX-001480,ACC_000117,ACC_000497,137096,USD,USD,2025-09-13T13:25:17.455839+00:00Z,poc-tx
TX-001481,ACC_000413,ACC_000003,57053,SGD,SGD,2025-09-09T23:55:21.455859+00:00Z,poc-tx
TX-001482,ACC_000518,ACC_000770,109147,USD,SGD,2025-09-13T01:03:09.455883+00:00Z,poc-tx
TX-001483,ACC_000625,ACC_000249,29100,SGD,SGD,2025-09-14T21:53:34.455909+00:00Z,poc-tx
TX-001484,ACC_000134,ACC_000030,919834,IDR,IDR,2025-09-09T19:37:00.455920+00:00Z,poc-tx
TX-001485,ACC_000032,ACC_000475,1457190,IDR,SGD,2025-09-12T11:02:47.455929+00:00Z,poc-tx
TX-001486,ACC_000858,ACC_000523,1953711,IDR,IDR,2025-09-13T23:17:38.455963+00:00Z,poc-tx
TX-001487,ACC_000877,ACC_000815,3730046,IDR,SGD,2025-09-13T07:30:52.455997+00:00Z,poc-tx
TX-001488,ACC_000979,ACC_000720,4889493,IDR,IDR,2025-09-13T00:31:01.456035+00:00Z,poc-tx
TX-001489,ACC_000141,ACC_000892,133228,IDR,SGD,2025-09-13T01:31:33.456047+00:00Z,poc-tx
TX-001490,ACC_000057,ACC_000836,875,SGD,SGD,2025-09-16T00:55:10.456056+00:00Z,poc-tx
TX-001491,ACC_000573,ACC_000646,170710,USD,USD,2025-09-13T01:49:23.456081+00:00Z,poc-tx
TX-001492,ACC_000357,ACC_000059,166760,USD,USD,2025-09-13T16:58:45.456099+00:00Z,poc-tx
TX-001493,ACC_000382,ACC_000013,4425657,IDR,IDR,2025-09-11T21:01:53.456118+00:00Z,poc-tx
TX-001494,ACC_000933,ACC_000797,51511,SGD,SGD,2025-09-14T13:41:50.456154+00:00Z,poc-tx
TX-001495,ACC_000437,ACC_000070,16819,USD,USD,2025-09-13T10:28:16.456175+00:00Z,poc-tx
TX-001496,ACC_000089,ACC_000536,177045,USD,IDR,2025-09-14T09:06:00.456185+00:00Z,poc-tx
TX-001497,ACC_000956,ACC_000704,6496,USD,USD,2025-09-14T19:17:13.456222+00:00Z,poc-tx
TX-001498,ACC_000070,ACC_000884,150089,USD,USD,2025-09-15T11:15:58.456232+00:00Z,poc-tx
TX-001499,ACC_000222,ACC_000618,3932156,IDR,IDR,2025-09-14T00:11:11.456246+00:00Z,poc-tx
TX-001500,ACC_000159,ACC_000954,102190,SGD,SGD,2025-09-11T03:28:57.456258+00:00Z,poc-tx
TX-001501,ACC_000851,ACC_000734,145474,SGD,SGD,2025-09-13T00:31:48.456291+00:00Z,poc-tx
TX-001502,ACC_000337,ACC_000098,774969,IDR,USD,2025-09-11T10:24:17.456310+00:00Z,poc-tx
TX-001503,ACC_000667,ACC_000704,144744,SGD,SGD,2025-09-11T01:34:40.456337+00:00Z,poc-tx
TX-001504,ACC_000833,ACC_000548,1224,SGD,SGD,2025-09-11T02:40:25.456370+00:00Z,poc-tx
TX-001505,ACC_000952,ACC_000715,43364,SGD,SGD,2025-09-14T23:53:46.456407+00:00Z,poc-tx
TX-001506,ACC_000781,ACC_000004,2493965,IDR,USD,2025-09-15T06:53:49.456438+00:00Z,poc-tx
TX-001507,ACC_000237,ACC_000961,134983,USD,USD,2025-09-14T15:26:47.456453+00:00Z,poc-tx
TX-001508,ACC_000738,ACC_000241,915920,IDR,USD,2025-09-10T11:08:13.456484+00:00Z,poc-tx
TX-001509,ACC_000324,ACC_000120,147958,USD,USD,2025-09-16T12:04:33.456501+00:00Z,poc-tx
TX-001510,ACC_000356,ACC_000276,149492,SGD,SGD,2025-09-15T07:26:12.456519+00:00Z,poc-tx
TX-001511,ACC_000671,ACC_000169,28128,USD,USD,2025-09-11T01:47:39.456547+00:00Z,poc-tx
TX-001512,ACC_000278,ACC_000990,119236,USD,USD,2025-09-13T03:05:17.456563+00:00Z,poc-tx
TX-001513,ACC_000405,ACC_000412,58014,SGD,IDR,2025-09-12T14:05:04.456584+00:00Z,poc-tx
TX-001514,ACC_000351,ACC_000025,47069,SGD,SGD,2025-09-15T18:31:39.456602+00:00Z,poc-tx
TX-001515,ACC_000583,ACC_000274,19276,SGD,SGD,2025-09-13T04:14:54.456627+00:00Z,poc-tx
TX-001516,ACC_000514,ACC_000145,99854,SGD,SGD,2025-09-10T00:50:11.456649+00:00Z,poc-tx
TX-001517,ACC_000374,ACC_000760,15960,USD,IDR,2025-09-12T19:39:09.456669+00:00Z,poc-tx
TX-001518,ACC_000813,ACC_000585,3471170,IDR,SGD,2025-09-12T00:00:52.456701+00:00Z,poc-tx
TX-001519,ACC_000882,ACC_000765,2144286,IDR,SGD,2025-09-12T00:50:02.456736+00:00Z,poc-tx
TX-001520,ACC_000221,ACC_000263,45114,SGD,IDR,2025-09-14T16:23:36.456751+00:00Z,poc-tx
TX-001521,ACC_000155,ACC_000779,164944,IDR,IDR,2025-09-13T18:24:30.456763+00:00Z,poc-tx
TX-001522,ACC_000723,ACC_000157,891540,IDR,IDR,2025-09-10T17:05:12.456793+00:00Z,poc-tx
TX-001523,ACC_000663,ACC_000759,3885247,IDR,SGD,2025-09-16T05:47:12.456821+00:00Z,poc-tx
TX-001524,ACC_000834,ACC_000331,63672,SGD,SGD,2025-09-09T19:20:57.456853+00:00Z,poc-tx
TX-001525,ACC_000461,ACC_000686,113815,SGD,USD,2025-09-14T13:23:17.456875+00:00Z,poc-tx
TX-001526,ACC_000037,ACC_000103,90845,SGD,SGD,2025-09-11T17:56:24.456884+00:00Z,poc-tx
TX-001527,ACC_000886,ACC_000093,136898,USD,USD,2025-09-11T02:43:53.456918+00:00Z,poc-tx
TX-001528,ACC_000857,ACC_000444,24613,SGD,USD,2025-09-10T05:56:34.456967+00:00Z,poc-tx
TX-001529,ACC_000917,ACC_000968,130696,SGD,SGD,2025-09-12T08:44:26.457008+00:00Z,poc-tx
TX-001530,ACC_000250,ACC_000374,82559,SGD,USD,2025-09-09T20:47:20.457025+00:00Z,poc-tx
TX-001531,ACC_000363,ACC_000839,3114605,IDR,SGD,2025-09-15T05:46:12.457045+00:00Z,poc-tx
TX-001532,ACC_000674,ACC_000454,53198,USD,USD,2025-09-11T16:18:19.457073+00:00Z,poc-tx
TX-001533,ACC_000571,ACC_000549,1215289,IDR,IDR,2025-09-12T04:48:16.457098+00:00Z,poc-tx
TX-001534,ACC_000354,ACC_000124,553793,IDR,IDR,2025-09-13T13:29:40.457116+00:00Z,poc-tx
TX-001535,ACC_000916,ACC_000259,2219130,IDR,IDR,2025-09-15T22:38:39.457151+00:00Z,poc-tx
TX-001536,ACC_000519,ACC_000833,1077,SGD,SGD,2025-09-09T22:43:40.457175+00:00Z,poc-tx
TX-001537,ACC_000680,ACC_000005,904363,IDR,IDR,2025-09-10T15:46:12.457203+00:00Z,poc-tx
TX-001538,ACC_000790,ACC_000986,98590,USD,USD,2025-09-13T04:00:26.457234+00:00Z,poc-tx
TX-001539,ACC_000441,ACC_000015,3784550,IDR,IDR,2025-09-15T10:55:38.457255+00:00Z,poc-tx
TX-001540,ACC_000375,ACC_000446,35394,SGD,IDR,2025-09-15T01:47:10.457274+00:00Z,poc-tx
TX-001541,ACC_000998,ACC_000755,110048,SGD,USD,2025-09-10T08:25:01.457313+00:00Z,poc-tx
TX-001542,ACC_000274,ACC_000558,2308833,IDR,IDR,2025-09-14T04:50:34.457328+00:00Z,poc-tx
TX-001543,ACC_000882,ACC_000618,4395624,IDR,IDR,2025-09-13T19:33:10.457363+00:00Z,poc-tx
TX-001544,ACC_000854,ACC_000531,22344,SGD,SGD,2025-09-16T07:15:25.457398+00:00Z,poc-tx
TX-001545,ACC_000107,ACC_000816,81236,USD,USD,2025-09-11T16:52:13.457409+00:00Z,poc-tx
TX-001546,ACC_000283,ACC_000562,17503,USD,USD,2025-09-12T12:15:00.457425+00:00Z,poc-tx
TX-001547,ACC_000630,ACC_000109,1533109,IDR,IDR,2025-09-14T11:49:01.457451+00:00Z,poc-tx
TX-001548,ACC_000942,ACC_000588,68423,SGD,USD,2025-09-14T01:47:16.457488+00:00Z,poc-tx
TX-001549,ACC_000757,ACC_000009,134746,USD,USD,2025-09-15T08:11:42.457519+00:00Z,poc-tx
TX-001550,ACC_000952,ACC_000786,75695,SGD,USD,2025-09-11T03:11:04.457555+00:00Z,poc-tx
TX-001551,ACC_000899,ACC_000332,84654,SGD,SGD,2025-09-15T15:40:57.457590+00:00Z,poc-tx
TX-001552,ACC_000652,ACC_000003,198048,USD,IDR,2025-09-13T19:08:23.457618+00:00Z,poc-tx
TX-001553,ACC_000350,ACC_000720,136886,SGD,SGD,2025-09-10T14:20:11.457636+00:00Z,poc-tx
TX-001554,ACC_000126,ACC_000903,88393,USD,USD,2025-09-15T03:48:29.457647+00:00Z,poc-tx
TX-001555,ACC_000440,ACC_000392,4469195,IDR,USD,2025-09-15T13:53:11.457668+00:00Z,poc-tx
TX-001556,ACC_000827,ACC_000399,2840690,IDR,SGD,2025-09-14T03:49:26.457701+00:00Z,poc-tx
TX-001557,ACC_000983,ACC_000262,68278,SGD,SGD,2025-09-10T19:04:16.457739+00:00Z,poc-tx
TX-001558,ACC_000143,ACC_000547,100425,USD,IDR,2025-09-14T04:12:32.457751+00:00Z,poc-tx
TX-001559,ACC_000507,ACC_000159,69636,USD,USD,2025-09-11T07:54:28.457774+00:00Z,poc-tx
TX-001560,ACC_000110,ACC_000402,170148,USD,IDR,2025-09-12T16:54:02.457785+00:00Z,poc-tx
TX-001561,ACC_000018,ACC_000109,138962,SGD,SGD,2025-09-15T23:28:40.457793+00:00Z,poc-tx
TX-001562,ACC_000936,ACC_000174,150032,USD,USD,2025-09-13T15:16:40.457829+00:00Z,poc-tx
TX-001563,ACC_000407,ACC_000895,81123,USD,USD,2025-09-10T18:09:31.457848+00:00Z,poc-tx
TX-001564,ACC_000408,ACC_000070,72075,USD,IDR,2025-09-14T20:05:30.457869+00:00Z,poc-tx
TX-001565,ACC_000834,ACC_000511,102513,SGD,SGD,2025-09-10T11:32:59.457910+00:00Z,poc-tx
TX-001566,ACC_000836,ACC_000354,29531,SGD,SGD,2025-09-12T14:21:00.457944+00:00Z,poc-tx
TX-001567,ACC_000314,ACC_000484,191241,USD,USD,2025-09-15T20:34:00.457961+00:00Z,poc-tx
TX-001568,ACC_000122,ACC_000327,4097351,IDR,IDR,2025-09-16T09:41:01.457972+00:00Z,poc-tx
TX-001569,ACC_000502,ACC_000304,2852072,IDR,IDR,2025-09-13T21:59:38.457995+00:00Z,poc-tx
TX-001570,ACC_000345,ACC_000527,114132,USD,IDR,2025-09-09T20:06:14.458013+00:00Z,poc-tx
TX-001571,ACC_000774,ACC_000273,605087,IDR,IDR,2025-09-11T15:17:59.458044+00:00Z,poc-tx
TX-001572,ACC_000922,ACC_000410,42571,SGD,USD,2025-09-13T09:28:31.458080+00:00Z,poc-tx
TX-001573,ACC_000362,ACC_000018,35846,USD,IDR,2025-09-14T03:48:16.458099+00:00Z,poc-tx
TX-001574,ACC_000127,ACC_000153,76546,SGD,SGD,2025-09-09T15:55:29.458110+00:00Z,poc-tx
TX-001575,ACC_000116,ACC_000782,837937,IDR,IDR,2025-09-13T07:51:17.458121+00:00Z,poc-tx
TX-001576,ACC_000132,ACC_000922,2551699,IDR,IDR,2025-09-15T06:55:03.458132+00:00Z,poc-tx
TX-001577,ACC_000369,ACC_000805,1635919,IDR,IDR,2025-09-12T12:32:26.458151+00:00Z,poc-tx
TX-001578,ACC_000913,ACC_000696,4030681,IDR,IDR,2025-09-13T21:40:37.458186+00:00Z,poc-tx
TX-001579,ACC_000470,ACC_000719,38793,SGD,SGD,2025-09-11T05:51:17.458208+00:00Z,poc-tx
TX-001580,ACC_000520,ACC_000826,91421,SGD,SGD,2025-09-13T07:10:04.458231+00:00Z,poc-tx
TX-001581,ACC_000172,ACC_000273,131144,SGD,SGD,2025-09-16T07:37:35.458243+00:00Z,poc-tx
TX-001582,ACC_000297,ACC_000538,8934,SGD,SGD,2025-09-11T19:59:40.458260+00:00Z,poc-tx
TX-001583,ACC_000021,ACC_000405,4289350,IDR,IDR,2025-09-10T12:53:28.458267+00:00Z,poc-tx
TX-001584,ACC_000409,ACC_000130,101711,USD,USD,2025-09-14T23:45:21.458287+00:00Z,poc-tx
TX-001585,ACC_000573,ACC_000221,126577,USD,IDR,2025-09-15T21:36:46.458312+00:00Z,poc-tx
TX-001586,ACC_000032,ACC_000690,2370448,IDR,IDR,2025-09-13T17:30:51.458321+00:00Z,poc-tx
TX-001587,ACC_000534,ACC_000330,4469998,IDR,IDR,2025-09-14T08:58:08.458344+00:00Z,poc-tx
TX-001588,ACC_000867,ACC_000325,123903,SGD,SGD,2025-09-11T16:18:16.458378+00:00Z,poc-tx
TX-001589,ACC_000694,ACC_000509,81272,SGD,SGD,2025-09-12T06:11:30.458407+00:00Z,poc-tx
TX-001590,ACC_000502,ACC_000927,2289837,IDR,SGD,2025-09-13T17:14:57.458430+00:00Z,poc-tx
TX-001591,ACC_000741,ACC_000126,36173,SGD,IDR,2025-09-11T14:37:22.458460+00:00Z,poc-tx
TX-001592,ACC_000233,ACC_000624,115576,SGD,SGD,2025-09-16T00:22:57.458474+00:00Z,poc-tx
TX-001593,ACC_000226,ACC_000403,171227,USD,USD,2025-09-13T03:00:47.458489+00:00Z,poc-tx
TX-001594,ACC_000246,ACC_000629,32053,USD,IDR,2025-09-10T06:49:08.458504+00:00Z,poc-tx
TX-001595,ACC_000671,ACC_000193,116708,USD,SGD,2025-09-12T11:01:20.458532+00:00Z,poc-tx
TX-001596,ACC_000452,ACC_000111,142224,SGD,SGD,2025-09-14T00:23:56.458553+00:00Z,poc-tx
TX-001597,ACC_000011,ACC_000053,189492,IDR,IDR,2025-09-12T01:40:20.458563+00:00Z,poc-tx
TX-001598,ACC_000389,ACC_000317,1641984,IDR,IDR,2025-09-11T15:07:44.458588+00:00Z,poc-tx
TX-001599,ACC_000562,ACC_000594,4236941,IDR,SGD,2025-09-10T05:05:31.458614+00:00Z,poc-tx
TX-001600,ACC_000153,ACC_000673,1620693,IDR,SGD,2025-09-10T00:42:10.458626+00:00Z,poc-tx
TX-001601,ACC_000755,ACC_000214,149519,SGD,USD,2025-09-15T08:33:03.458657+00:00Z,poc-tx
TX-001602,ACC_000560,ACC_000909,134235,USD,IDR,2025-09-16T07:35:10.458683+00:00Z,poc-tx
TX-001603,ACC_000764,ACC_000768,4252774,IDR,IDR,2025-09-12T13:44:13.458713+00:00Z,poc-tx
TX-001604,ACC_000724,ACC_000504,127456,USD,USD,2025-09-14T15:51:54.458743+00:00Z,poc-tx
TX-001605,ACC_000964,ACC_000007,1084788,IDR,IDR,2025-09-11T13:19:22.458780+00:00Z,poc-tx
TX-001606,ACC_000940,ACC_000103,140578,USD,SGD,2025-09-14T19:30:19.458817+00:00Z,poc-tx
TX-001607,ACC_000516,ACC_000481,2388780,IDR,IDR,2025-09-15T11:32:50.458840+00:00Z,poc-tx
TX-001608,ACC_000996,ACC_000066,340100,IDR,USD,2025-09-12T23:05:58.458885+00:00Z,poc-tx
TX-001609,ACC_000534,ACC_000851,522085,IDR,IDR,2025-09-14T05:48:08.458909+00:00Z,poc-tx
TX-001610,ACC_000256,ACC_000440,2418603,IDR,SGD,2025-09-15T18:46:15.458925+00:00Z,poc-tx
TX-001611,ACC_000106,ACC_000382,4415855,IDR,IDR,2025-09-11T14:09:41.458935+00:00Z,poc-tx
TX-001612,ACC_000484,ACC_000111,1774357,IDR,IDR,2025-09-11T06:48:03.458972+00:00Z,poc-tx
TX-001613,ACC_000669,ACC_000246,33202,USD,IDR,2025-09-11T14:29:12.459005+00:00Z,poc-tx
TX-001614,ACC_000922,ACC_000431,7052,SGD,SGD,2025-09-14T01:25:41.459041+00:00Z,poc-tx
TX-001615,ACC_000142,ACC_000658,3613599,IDR,IDR,2025-09-13T23:56:58.459053+00:00Z,poc-tx
TX-001616,ACC_000577,ACC_000764,2200867,IDR,SGD,2025-09-14T09:03:30.459079+00:00Z,poc-tx
TX-001617,ACC_000590,ACC_000022,30581,SGD,SGD,2025-09-13T02:48:09.459104+00:00Z,poc-tx
TX-001618,ACC_000069,ACC_000858,119072,SGD,SGD,2025-09-15T16:03:38.459114+00:00Z,poc-tx
TX-001619,ACC_000673,ACC_000453,4024648,IDR,IDR,2025-09-10T15:27:01.459141+00:00Z,poc-tx
TX-001620,ACC_000219,ACC_000770,3430758,IDR,USD,2025-09-14T09:55:52.459156+00:00Z,poc-tx
TX-001621,ACC_000134,ACC_000711,2494777,IDR,SGD,2025-09-13T20:37:52.459168+00:00Z,poc-tx
TX-001622,ACC_000023,ACC_000098,52722,USD,USD,2025-09-16T04:48:55.459176+00:00Z,poc-tx
TX-001623,ACC_000869,ACC_000458,76548,SGD,SGD,2025-09-10T02:20:38.459209+00:00Z,poc-tx
TX-001624,ACC_000181,ACC_000285,2758889,IDR,IDR,2025-09-13T22:44:49.459222+00:00Z,poc-tx
TX-001625,ACC_000657,ACC_000844,83902,USD,USD,2025-09-14T18:01:54.459249+00:00Z,poc-tx
TX-001626,ACC_000032,ACC_000486,3428312,IDR,IDR,2025-09-16T07:30:02.459257+00:00Z,poc-tx
TX-001627,ACC_000112,ACC_000278,3677704,IDR,USD,2025-09-14T20:10:48.459268+00:00Z,poc-tx
TX-001628,ACC_000479,ACC_000178,295852,IDR,USD,2025-09-09T14:44:50.459290+00:00Z,poc-tx
TX-001629,ACC_000831,ACC_000378,2155,USD,USD,2025-09-16T05:22:09.459322+00:00Z,poc-tx
TX-001630,ACC_000673,ACC_000108,4545500,IDR,IDR,2025-09-10T21:47:51.459350+00:00Z,poc-tx
TX-001631,ACC_000862,ACC_000291,191637,USD,USD,2025-09-10T09:53:38.459385+00:00Z,poc-tx
TX-001632,ACC_000420,ACC_000136,198989,USD,USD,2025-09-10T00:38:27.459405+00:00Z,poc-tx
TX-001633,ACC_000969,ACC_000430,2080026,IDR,IDR,2025-09-13T04:52:12.459441+00:00Z,poc-tx
TX-001634,ACC_000245,ACC_000642,39945,SGD,SGD,2025-09-12T00:25:14.459456+00:00Z,poc-tx
TX-001635,ACC_000168,ACC_000255,78154,SGD,SGD,2025-09-14T07:33:43.459468+00:00Z,poc-tx
TX-001636,ACC_000661,ACC_000994,4944500,IDR,USD,2025-09-09T14:21:25.459495+00:00Z,poc-tx
TX-001637,ACC_000649,ACC_000043,78892,USD,USD,2025-09-11T16:13:14.459522+00:00Z,poc-tx
TX-001638,ACC_000378,ACC_000909,10585,SGD,SGD,2025-09-13T08:21:05.459540+00:00Z,poc-tx
TX-001639,ACC_000504,ACC_000452,36499,SGD,USD,2025-09-13T02:53:34.459563+00:00Z,poc-tx
TX-001640,ACC_000215,ACC_000701,3147205,IDR,IDR,2025-09-13T02:36:10.459577+00:00Z,poc-tx
TX-001641,ACC_000449,ACC_000637,3958272,IDR,IDR,2025-09-13T00:05:44.459598+00:00Z,poc-tx
TX-001642,ACC_000648,ACC_000442,32678,SGD,USD,2025-09-12T04:33:18.459625+00:00Z,poc-tx
TX-001643,ACC_000020,ACC_000273,116652,SGD,SGD,2025-09-15T23:11:47.459633+00:00Z,poc-tx
TX-001644,ACC_000720,ACC_000856,138312,USD,USD,2025-09-11T02:20:08.459662+00:00Z,poc-tx
TX-001645,ACC_000815,ACC_000985,236583,IDR,IDR,2025-09-11T18:24:57.459693+00:00Z,poc-tx
TX-001646,ACC_000035,ACC_000253,165121,USD,USD,2025-09-12T03:30:48.459702+00:00Z,poc-tx
TX-001647,ACC_000898,ACC_000711,61332,SGD,SGD,2025-09-14T02:01:24.459736+00:00Z,poc-tx
TX-001648,ACC_000850,ACC_000939,180081,USD,SGD,2025-09-14T22:21:10.459769+00:00Z,poc-tx
TX-001649,ACC_000837,ACC_000843,125004,USD,USD,2025-09-15T01:07:18.459801+00:00Z,poc-tx
TX-001650,ACC_000623,ACC_000266,103814,SGD,IDR,2025-09-11T23:10:28.459828+00:00Z,poc-tx
TX-001651,ACC_000242,ACC_000665,4352426,IDR,USD,2025-09-10T11:53:45.459842+00:00Z,poc-tx
TX-001652,ACC_000072,ACC_000179,1140998,IDR,IDR,2025-09-16T02:02:10.459852+00:00Z,poc-tx
TX-001653,ACC_000447,ACC_000121,186821,USD,USD,2025-09-11T03:17:57.459872+00:00Z,poc-tx
TX-001654,ACC_000733,ACC_000865,93456,USD,USD,2025-09-15T18:54:45.459901+00:00Z,poc-tx
TX-001655,ACC_000406,ACC_000123,168504,USD,USD,2025-09-10T01:05:52.459921+00:00Z,poc-tx
TX-001656,ACC_000746,ACC_000049,109829,USD,IDR,2025-09-15T17:37:13.459963+00:00Z,poc-tx
TX-001657,ACC_000422,ACC_000902,117129,USD,USD,2025-09-09T14:49:05.459984+00:00Z,poc-tx
TX-001658,ACC_000986,ACC_000206,13259,SGD,SGD,2025-09-12T12:48:43.460021+00:00Z,poc-tx
TX-001659,ACC_000873,ACC_000939,2462825,IDR,IDR,2025-09-14T12:55:15.460055+00:00Z,poc-tx
TX-001660,ACC_000271,ACC_000132,19844,SGD,IDR,2025-09-11T03:53:29.460071+00:00Z,poc-tx
TX-001661,ACC_000899,ACC_000838,26828,SGD,IDR,2025-09-10T22:13:38.460106+00:00Z,poc-tx
TX-001662,ACC_000122,ACC_000781,3365958,IDR,IDR,2025-09-14T04:54:49.460117+00:00Z,poc-tx
TX-001663,ACC_000450,ACC_000865,4984936,IDR,IDR,2025-09-12T19:54:54.460137+00:00Z,poc-tx
TX-001664,ACC_000571,ACC_000996,2234380,IDR,IDR,2025-09-15T04:07:49.460158+00:00Z,poc-tx
TX-001665,ACC_000270,ACC_000848,55366,USD,USD,2025-09-10T01:49:36.460172+00:00Z,poc-tx
TX-001666,ACC_000589,ACC_000910,56341,SGD,SGD,2025-09-10T22:35:53.460194+00:00Z,poc-tx
TX-001667,ACC_000323,ACC_000919,4419816,IDR,USD,2025-09-10T07:28:01.460209+00:00Z,poc-tx
TX-001668,ACC_000642,ACC_000998,193995,USD,USD,2025-09-16T09:04:37.460232+00:00Z,poc-tx
TX-001669,ACC_000061,ACC_000887,21636,USD,USD,2025-09-10T03:07:06.460240+00:00Z,poc-tx
TX-001670,ACC_000570,ACC_000952,22279,USD,USD,2025-09-11T17:57:56.460261+00:00Z,poc-tx
TX-001671,ACC_000047,ACC_000172,1217193,IDR,USD,2025-09-12T23:59:55.460269+00:00Z,poc-tx
TX-001672,ACC_000071,ACC_000872,143841,SGD,USD,2025-09-14T10:51:38.460277+00:00Z,poc-tx
TX-001673,ACC_000179,ACC_000035,112600,USD,USD,2025-09-15T16:04:30.460288+00:00Z,poc-tx
TX-001674,ACC_000422,ACC_000026,114747,USD,USD,2025-09-14T20:12:30.460306+00:00Z,poc-tx
TX-001675,ACC_000153,ACC_000942,4766887,IDR,IDR,2025-09-14T05:50:08.460316+00:00Z,poc-tx
TX-001676,ACC_000470,ACC_000002,139007,SGD,IDR,2025-09-11T10:56:56.460335+00:00Z,poc-tx
TX-001677,ACC_000251,ACC_000247,1019148,IDR,IDR,2025-09-13T20:15:47.460348+00:00Z,poc-tx
TX-001678,ACC_000681,ACC_000924,126131,SGD,SGD,2025-09-14T16:20:51.460372+00:00Z,poc-tx
TX-001679,ACC_000830,ACC_000209,104314,SGD,SGD,2025-09-14T13:23:43.460401+00:00Z,poc-tx
TX-001680,ACC_000123,ACC_000145,252044,IDR,IDR,2025-09-14T20:41:45.460410+00:00Z,poc-tx
TX-001681,ACC_000134,ACC_000278,4797343,IDR,IDR,2025-09-10T03:05:23.460420+00:00Z,poc-tx
TX-001682,ACC_000415,ACC_000045,53843,USD,USD,2025-09-10T07:44:08.460437+00:00Z,poc-tx
TX-001683,ACC_000516,ACC_000757,2293529,IDR,IDR,2025-09-11T06:22:07.460457+00:00Z,poc-tx
TX-001684,ACC_000624,ACC_000026,193050,USD,USD,2025-09-16T08:19:50.460480+00:00Z,poc-tx
TX-001685,ACC_000886,ACC_000753,80273,USD,USD,2025-09-16T06:32:54.460509+00:00Z,poc-tx
TX-001686,ACC_000848,ACC_000809,9467,USD,SGD,2025-09-09T18:21:03.460539+00:00Z,poc-tx
TX-001687,ACC_000191,ACC_000017,3880070,IDR,USD,2025-09-11T06:51:54.460550+00:00Z,poc-tx
TX-001688,ACC_000740,ACC_000894,91492,USD,IDR,2025-09-14T12:46:56.460576+00:00Z,poc-tx
TX-001689,ACC_000840,ACC_000697,24266,SGD,SGD,2025-09-12T12:20:57.460605+00:00Z,poc-tx
TX-001690,ACC_000219,ACC_000591,3505766,IDR,IDR,2025-09-10T14:13:38.460617+00:00Z,poc-tx
TX-001691,ACC_000297,ACC_000324,40055,SGD,SGD,2025-09-15T15:00:00.460631+00:00Z,poc-tx
TX-001692,ACC_000765,ACC_000191,40070,SGD,SGD,2025-09-16T02:21:54.460657+00:00Z,poc-tx
TX-001693,ACC_000936,ACC_000952,83341,USD,SGD,2025-09-14T03:07:28.460688+00:00Z,poc-tx
TX-001694,ACC_000147,ACC_000664,157943,USD,USD,2025-09-12T12:14:31.460698+00:00Z,poc-tx
TX-001695,ACC_000980,ACC_000638,632467,IDR,USD,2025-09-13T08:04:45.460731+00:00Z,poc-tx
TX-001696,ACC_000531,ACC_000245,145724,SGD,USD,2025-09-15T22:27:40.460751+00:00Z,poc-tx
TX-001697,ACC_000400,ACC_000646,1718801,IDR,SGD,2025-09-13T15:35:28.460769+00:00Z,poc-tx
TX-001698,ACC_000270,ACC_000688,65838,USD,USD,2025-09-15T02:28:51.460782+00:00Z,poc-tx
TX-001699,ACC_000223,ACC_000860,2208320,IDR,USD,2025-09-15T15:54:07.460795+00:00Z,poc-tx
TX-001700,ACC_000427,ACC_000188,44744,USD,IDR,2025-09-09T20:04:20.460813+00:00Z,poc-tx
TX-001701,ACC_000070,ACC_000612,43558,USD,USD,2025-09-14T04:50:43.460821+00:00Z,poc-tx
TX-001702,ACC_000997,ACC_000722,92306,SGD,SGD,2025-09-12T11:50:22.460853+00:00Z,poc-tx
TX-001703,ACC_000149,ACC_000791,53409,SGD,SGD,2025-09-14T17:49:52.460863+00:00Z,poc-tx
TX-001704,ACC_000287,ACC_000150,343810,IDR,IDR,2025-09-14T12:25:23.460880+00:00Z,poc-tx
TX-001705,ACC_000424,ACC_000700,77801,SGD,SGD,2025-09-10T08:10:32.460899+00:00Z,poc-tx
TX-001706,ACC_000626,ACC_000970,2285168,IDR,IDR,2025-09-11T22:35:11.460922+00:00Z,poc-tx
TX-001707,ACC_000742,ACC_000117,126504,USD,USD,2025-09-09T21:10:47.460958+00:00Z,poc-tx
TX-001708,ACC_000789,ACC_000487,132065,USD,IDR,2025-09-12T10:22:01.460992+00:00Z,poc-tx
TX-001709,ACC_000298,ACC_000735,121760,SGD,SGD,2025-09-14T11:00:55.461008+00:00Z,poc-tx
TX-001710,ACC_000837,ACC_000141,31812,USD,USD,2025-09-11T06:23:07.461037+00:00Z,poc-tx
TX-001711,ACC_000789,ACC_000467,111441,USD,USD,2025-09-11T10:57:44.461065+00:00Z,poc-tx
TX-001712,ACC_000600,ACC_000369,71644,SGD,SGD,2025-09-16T12:21:11.461093+00:00Z,poc-tx
TX-001713,ACC_000865,ACC_000322,106761,SGD,SGD,2025-09-10T16:12:54.461129+00:00Z,poc-tx
TX-001714,ACC_000196,ACC_000649,3415839,IDR,IDR,2025-09-13T17:10:12.461142+00:00Z,poc-tx
TX-001715,ACC_000532,ACC_000876,4538302,IDR,IDR,2025-09-15T21:03:28.461163+00:00Z,poc-tx
TX-001716,ACC_000009,ACC_000687,88181,SGD,SGD,2025-09-15T10:52:33.461170+00:00Z,poc-tx
TX-001717,ACC_000113,ACC_000063,10204,USD,USD,2025-09-14T10:21:27.461179+00:00Z,poc-tx
TX-001718,ACC_000839,ACC_000573,154602,USD,IDR,2025-09-16T11:48:29.461209+00:00Z,poc-tx
TX-001719,ACC_000203,ACC_000873,76802,SGD,IDR,2025-09-12T11:31:12.461221+00:00Z,poc-tx
TX-001720,ACC_000118,ACC_000913,2354136,IDR,IDR,2025-09-14T14:06:43.461231+00:00Z,poc-tx
TX-001721,ACC_000436,ACC_000376,11141,USD,USD,2025-09-15T14:00:23.461249+00:00Z,poc-tx
TX-001722,ACC_000894,ACC_000828,147248,USD,IDR,2025-09-14T20:14:38.461281+00:00Z,poc-tx
TX-001723,ACC_000609,ACC_000364,55308,SGD,IDR,2025-09-13T20:11:41.461304+00:00Z,poc-tx
TX-001724,ACC_000523,ACC_000494,95700,USD,USD,2025-09-15T10:52:45.461324+00:00Z,poc-tx
TX-001725,ACC_000325,ACC_000679,145947,SGD,SGD,2025-09-14T09:54:44.461339+00:00Z,poc-tx
TX-001726,ACC_000943,ACC_000727,1829807,IDR,USD,2025-09-14T02:49:58.461372+00:00Z,poc-tx
TX-001727,ACC_000969,ACC_000142,2374077,IDR,USD,2025-09-11T23:41:53.461405+00:00Z,poc-tx
TX-001728,ACC_000958,ACC_000543,46874,SGD,IDR,2025-09-11T14:51:17.461437+00:00Z,poc-tx
TX-001729,ACC_000220,ACC_000186,795184,IDR,IDR,2025-09-13T00:02:23.461450+00:00Z,poc-tx
TX-001730,ACC_000946,ACC_000929,337503,IDR,IDR,2025-09-10T15:30:39.461482+00:00Z,poc-tx
TX-001731,ACC_000186,ACC_000614,40111,SGD,SGD,2025-09-14T07:21:31.461493+00:00Z,poc-tx
TX-001732,ACC_000919,ACC_000025,122015,IDR,USD,2025-09-12T23:51:10.461524+00:00Z,poc-tx
TX-001733,ACC_000230,ACC_000801,144480,SGD,USD,2025-09-11T06:29:52.461538+00:00Z,poc-tx
TX-001734,ACC_000657,ACC_000063,145494,USD,USD,2025-09-11T07:24:36.461562+00:00Z,poc-tx
TX-001735,ACC_000471,ACC_000665,3609652,IDR,IDR,2025-09-16T09:40:09.461581+00:00Z,poc-tx
TX-001736,ACC_000165,ACC_000280,191802,USD,USD,2025-09-13T22:08:31.461592+00:00Z,poc-tx
TX-001737,ACC_000948,ACC_000357,141097,USD,USD,2025-09-16T08:59:39.461623+00:00Z,poc-tx
TX-001738,ACC_000380,ACC_000274,44194,USD,IDR,2025-09-12T06:57:05.461640+00:00Z,poc-tx
TX-001739,ACC_000512,ACC_000291,18233,SGD,SGD,2025-09-09T20:41:20.461660+00:00Z,poc-tx
TX-001740,ACC_000777,ACC_000830,112546,SGD,USD,2025-09-13T11:57:56.461688+00:00Z,poc-tx
TX-001741,ACC_000977,ACC_000182,127822,USD,USD,2025-09-15T04:09:01.461721+00:00Z,poc-tx
TX-001742,ACC_000371,ACC_000086,88375,USD,USD,2025-09-13T14:40:49.461737+00:00Z,poc-tx
TX-001743,ACC_000581,ACC_000753,1662783,IDR,USD,2025-09-10T21:38:12.461760+00:00Z,poc-tx
TX-001744,ACC_000594,ACC_000932,95360,SGD,SGD,2025-09-09T15:03:38.461782+00:00Z,poc-tx
TX-001745,ACC_000109,ACC_000736,134328,SGD,SGD,2025-09-10T12:50:55.461791+00:00Z,poc-tx
TX-001746,ACC_000154,ACC_000566,2773135,IDR,SGD,2025-09-15T07:54:28.461802+00:00Z,poc-tx
TX-001747,ACC_000535,ACC_000775,25570,USD,USD,2025-09-09T19:08:30.461823+00:00Z,poc-tx
TX-001748,ACC_000192,ACC_000398,3537706,IDR,IDR,2025-09-11T18:08:29.461834+00:00Z,poc-tx
TX-001749,ACC_000146,ACC_000267,58463,USD,USD,2025-09-15T02:21:50.461852+00:00Z,poc-tx
TX-001750,ACC_000590,ACC_000087,145839,SGD,SGD,2025-09-14T02:52:57.461875+00:00Z,poc-tx
TX-001751,ACC_000720,ACC_000784,113022,USD,USD,2025-09-14T16:38:15.461900+00:00Z,poc-tx
TX-001752,ACC_000607,ACC_000370,108816,SGD,IDR,2025-09-16T04:38:44.461924+00:00Z,poc-tx
TX-001753,ACC_000344,ACC_000746,3906342,IDR,IDR,2025-09-11T20:29:11.461939+00:00Z,poc-tx
TX-001754,ACC_000243,ACC_000703,110800,USD,USD,2025-09-11T03:40:34.461952+00:00Z,poc-tx
TX-001755,ACC_000022,ACC_000011,155173,USD,SGD,2025-09-14T20:23:17.461959+00:00Z,poc-tx
TX-001756,ACC_000440,ACC_000567,4203522,IDR,USD,2025-09-09T18:17:00.461978+00:00Z,poc-tx
TX-001757,ACC_000951,ACC_000798,129816,SGD,IDR,2025-09-11T10:54:25.462010+00:00Z,poc-tx
TX-001758,ACC_000989,ACC_000039,145407,SGD,SGD,2025-09-10T08:42:22.462044+00:00Z,poc-tx
TX-001759,ACC_000859,ACC_000598,136897,USD,SGD,2025-09-14T15:04:33.462073+00:00Z,poc-tx
TX-001760,ACC_000534,ACC_000424,1492800,IDR,IDR,2025-09-13T17:25:30.462094+00:00Z,poc-tx
TX-001761,ACC_000203,ACC_000848,123014,SGD,IDR,2025-09-14T15:38:00.462106+00:00Z,poc-tx
TX-001762,ACC_000328,ACC_000777,1568856,IDR,USD,2025-09-11T16:49:45.462122+00:00Z,poc-tx
TX-001763,ACC_000709,ACC_000166,53245,SGD,SGD,2025-09-12T15:09:11.462146+00:00Z,poc-tx
TX-001764,ACC_000903,ACC_000571,37184,SGD,SGD,2025-09-15T03:56:58.462177+00:00Z,poc-tx
TX-001765,ACC_000804,ACC_000336,149369,USD,USD,2025-09-13T22:10:05.462205+00:00Z,poc-tx
TX-001766,ACC_000067,ACC_000746,42498,USD,USD,2025-09-14T23:05:03.462213+00:00Z,poc-tx
TX-001767,ACC_000069,ACC_000310,99316,SGD,IDR,2025-09-12T10:13:00.462221+00:00Z,poc-tx
TX-001768,ACC_000078,ACC_000461,115517,SGD,SGD,2025-09-15T18:20:57.462229+00:00Z,poc-tx
TX-001769,ACC_000622,ACC_000844,4611466,IDR,IDR,2025-09-11T13:16:52.462252+00:00Z,poc-tx
TX-001770,ACC_000132,ACC_000081,3880829,IDR,SGD,2025-09-13T13:10:29.462262+00:00Z,poc-tx
TX-001771,ACC_000108,ACC_000306,27223,SGD,SGD,2025-09-12T01:51:09.462272+00:00Z,poc-tx
TX-001772,ACC_000309,ACC_000191,77179,SGD,SGD,2025-09-11T09:17:30.462286+00:00Z,poc-tx
TX-001773,ACC_000756,ACC_000403,23555,USD,USD,2025-09-13T08:08:32.462313+00:00Z,poc-tx
TX-001774,ACC_000995,ACC_000411,18204,SGD,USD,2025-09-16T12:44:02.462347+00:00Z,poc-tx
TX-001775,ACC_000552,ACC_000118,1524299,IDR,SGD,2025-09-12T10:46:16.462368+00:00Z,poc-tx
TX-001776,ACC_000929,ACC_000164,3214693,IDR,IDR,2025-09-09T21:55:49.462399+00:00Z,poc-tx
TX-001777,ACC_000961,ACC_000954,96783,SGD,SGD,2025-09-12T12:46:54.462431+00:00Z,poc-tx
TX-001778,ACC_000043,ACC_000950,49032,SGD,SGD,2025-09-15T09:58:09.462439+00:00Z,poc-tx
TX-001779,ACC_000051,ACC_000882,156261,USD,USD,2025-09-16T07:41:41.462446+00:00Z,poc-tx
TX-001780,ACC_000884,ACC_000860,2035875,IDR,IDR,2025-09-15T03:06:08.462477+00:00Z,poc-tx
TX-001781,ACC_000356,ACC_000303,9187,SGD,SGD,2025-09-12T15:53:14.462492+00:00Z,poc-tx
TX-001782,ACC_000475,ACC_000551,146509,SGD,SGD,2025-09-13T12:41:52.462511+00:00Z,poc-tx
TX-001783,ACC_000642,ACC_000473,150630,USD,USD,2025-09-15T11:08:15.462534+00:00Z,poc-tx
TX-001784,ACC_000932,ACC_000781,95918,SGD,SGD,2025-09-11T00:03:51.462565+00:00Z,poc-tx
TX-001785,ACC_000079,ACC_000046,83814,USD,USD,2025-09-11T20:36:56.462574+00:00Z,poc-tx
TX-001786,ACC_000442,ACC_000940,42037,USD,SGD,2025-09-09T19:02:55.462592+00:00Z,poc-tx
TX-001787,ACC_000720,ACC_000767,104818,USD,USD,2025-09-15T17:53:11.462617+00:00Z,poc-tx
TX-001788,ACC_000780,ACC_000360,142462,USD,USD,2025-09-12T10:49:52.462644+00:00Z,poc-tx
TX-001789,ACC_000439,ACC_000993,2001772,IDR,USD,2025-09-12T10:04:28.462662+00:00Z,poc-tx
TX-001790,ACC_000976,ACC_000332,107628,SGD,SGD,2025-09-09T15:22:33.462702+00:00Z,poc-tx
TX-001791,ACC_000831,ACC_000111,150631,USD,USD,2025-09-13T07:19:28.462737+00:00Z,poc-tx
TX-001792,ACC_000185,ACC_000486,3345366,IDR,IDR,2025-09-16T03:57:13.462749+00:00Z,poc-tx
TX-001793,ACC_000105,ACC_000386,67404,USD,IDR,2025-09-11T18:55:09.462759+00:00Z,poc-tx
TX-001794,ACC_000263,ACC_000286,1937186,IDR,USD,2025-09-13T20:28:09.462774+00:00Z,poc-tx
TX-001795,ACC_000016,ACC_000027,4540,SGD,USD,2025-09-12T06:40:25.462781+00:00Z,poc-tx
TX-001796,ACC_000795,ACC_000665,4872446,IDR,IDR,2025-09-10T03:27:08.462809+00:00Z,poc-tx
TX-001797,ACC_000772,ACC_000163,66474,IDR,IDR,2025-09-11T22:33:40.462836+00:00Z,poc-tx
TX-001798,ACC_000526,ACC_000548,10097,SGD,USD,2025-09-13T00:33:39.462862+00:00Z,poc-tx
TX-001799,ACC_000607,ACC_000416,76367,SGD,SGD,2025-09-10T12:33:32.462885+00:00Z,poc-tx
TX-001800,ACC_000418,ACC_000555,165418,USD,USD,2025-09-13T04:58:20.462903+00:00Z,poc-tx
TX-001801,ACC_000068,ACC_000674,606169,IDR,USD,2025-09-15T17:25:02.462912+00:00Z,poc-tx
TX-001802,ACC_000495,ACC_000784,781618,IDR,IDR,2025-09-14T18:53:20.462931+00:00Z,poc-tx
TX-001803,ACC_000641,ACC_000114,4872200,IDR,IDR,2025-09-12T19:10:50.462955+00:00Z,poc-tx
TX-001804,ACC_000130,ACC_000927,1022927,IDR,USD,2025-09-16T08:39:37.462965+00:00Z,poc-tx
TX-001805,ACC_000008,ACC_000773,132523,USD,IDR,2025-09-16T06:36:04.462972+00:00Z,poc-tx
TX-001806,ACC_000164,ACC_000639,46491,SGD,IDR,2025-09-12T06:24:57.462983+00:00Z,poc-tx
TX-001807,ACC_000624,ACC_000319,155039,USD,IDR,2025-09-09T18:25:48.463007+00:00Z,poc-tx
TX-001808,ACC_000105,ACC_000113,6724,USD,USD,2025-09-10T13:19:39.463016+00:00Z,poc-tx
TX-001809,ACC_000895,ACC_000014,973242,IDR,USD,2025-09-13T08:51:31.463047+00:00Z,poc-tx
TX-001810,ACC_000691,ACC_000288,79387,USD,IDR,2025-09-14T19:28:46.463072+00:00Z,poc-tx
TX-001811,ACC_000327,ACC_000426,147706,SGD,SGD,2025-09-14T08:40:22.463088+00:00Z,poc-tx
TX-001812,ACC_000715,ACC_000173,2285176,IDR,IDR,2025-09-14T13:04:22.463113+00:00Z,poc-tx
TX-001813,ACC_000256,ACC_000747,4403443,IDR,IDR,2025-09-12T14:43:05.463127+00:00Z,poc-tx
TX-001814,ACC_000848,ACC_000339,124215,USD,IDR,2025-09-13T03:25:26.463156+00:00Z,poc-tx
TX-001815,ACC_000235,ACC_000922,2577336,IDR,IDR,2025-09-09T23:31:34.463169+00:00Z,poc-tx
TX-001816,ACC_000427,ACC_000587,110112,USD,USD,2025-09-13T22:16:37.463187+00:00Z,poc-tx
TX-001817,ACC_000029,ACC_000402,171946,USD,SGD,2025-09-11T17:22:56.463194+00:00Z,poc-tx
TX-001818,ACC_000704,ACC_000592,145524,USD,USD,2025-09-16T01:38:06.463220+00:00Z,poc-tx
TX-001819,ACC_000254,ACC_000521,48054,SGD,SGD,2025-09-12T12:22:28.463233+00:00Z,poc-tx
TX-001820,ACC_000426,ACC_000825,57729,SGD,IDR,2025-09-15T13:29:57.463251+00:00Z,poc-tx
TX-001821,ACC_000240,ACC_000273,26208,USD,USD,2025-09-14T04:39:47.463264+00:00Z,poc-tx
TX-001822,ACC_000992,ACC_000281,1214951,IDR,SGD,2025-09-16T06:46:01.463297+00:00Z,poc-tx
TX-001823,ACC_000712,ACC_000258,46260,SGD,SGD,2025-09-10T15:32:01.463323+00:00Z,poc-tx
TX-001824,ACC_000137,ACC_000745,12213,SGD,IDR,2025-09-14T04:37:55.463333+00:00Z,poc-tx
TX-001825,ACC_000618,ACC_000366,534499,IDR,IDR,2025-09-09T15:03:53.463357+00:00Z,poc-tx
TX-001826,ACC_000894,ACC_000114,128807,USD,IDR,2025-09-15T10:58:26.463388+00:00Z,poc-tx
TX-001827,ACC_000082,ACC_000154,29525,USD,USD,2025-09-11T13:02:23.463396+00:00Z,poc-tx
TX-001828,ACC_000658,ACC_000093,4138485,IDR,SGD,2025-09-13T14:33:28.463421+00:00Z,poc-tx
TX-001829,ACC_000785,ACC_000138,111679,SGD,SGD,2025-09-11T11:02:06.463448+00:00Z,poc-tx
TX-001830,ACC_000146,ACC_000377,38624,USD,USD,2025-09-10T17:58:25.463458+00:00Z,poc-tx
TX-001831,ACC_000147,ACC_000486,133657,USD,USD,2025-09-16T11:36:43.463469+00:00Z,poc-tx
TX-001832,ACC_000364,ACC_000371,105245,IDR,IDR,2025-09-10T07:27:23.463485+00:00Z,poc-tx
TX-001833,ACC_000289,ACC_000676,21599,USD,USD,2025-09-13T21:49:13.463499+00:00Z,poc-tx
TX-001834,ACC_000877,ACC_000273,2994669,IDR,IDR,2025-09-13T22:09:24.463529+00:00Z,poc-tx
TX-001835,ACC_000059,ACC_000937,4684294,IDR,IDR,2025-09-10T10:39:44.463536+00:00Z,poc-tx
TX-001836,ACC_000857,ACC_000669,7181,SGD,SGD,2025-09-10T18:41:54.463566+00:00Z,poc-tx
TX-001837,ACC_000793,ACC_000976,100519,USD,USD,2025-09-14T18:37:49.463594+00:00Z,poc-tx
TX-001838,ACC_000480,ACC_000525,142173,USD,USD,2025-09-16T12:46:17.463613+00:00Z,poc-tx
TX-001839,ACC_000915,ACC_000769,35980,USD,USD,2025-09-11T14:45:54.463644+00:00Z,poc-tx
TX-001840,ACC_000903,ACC_000637,13343,SGD,SGD,2025-09-15T22:02:21.463675+00:00Z,poc-tx
TX-001841,ACC_000866,ACC_000845,121312,USD,USD,2025-09-12T20:14:42.463715+00:00Z,poc-tx
TX-001842,ACC_000310,ACC_000146,908236,IDR,IDR,2025-09-16T06:28:10.463730+00:00Z,poc-tx
TX-001843,ACC_000840,ACC_000206,110393,SGD,SGD,2025-09-10T15:13:19.463759+00:00Z,poc-tx
TX-001844,ACC_000911,ACC_000870,29086,USD,USD,2025-09-10T11:39:51.463790+00:00Z,poc-tx
TX-001845,ACC_000363,ACC_000736,4909625,IDR,IDR,2025-09-13T00:48:22.463806+00:00Z,poc-tx
TX-001846,ACC_000519,ACC_000021,116090,SGD,SGD,2025-09-16T07:16:24.463827+00:00Z,poc-tx
TX-001847,ACC_000076,ACC_000202,4104918,IDR,USD,2025-09-12T19:01:00.463836+00:00Z,poc-tx
TX-001848,ACC_000838,ACC_000577,51823,USD,USD,2025-09-14T23:10:31.463865+00:00Z,poc-tx
TX-001849,ACC_000123,ACC_000284,1349513,IDR,IDR,2025-09-10T00:42:35.463874+00:00Z,poc-tx
TX-001850,ACC_000186,ACC_000465,117272,SGD,SGD,2025-09-09T18:45:32.463886+00:00Z,poc-tx
TX-001851,ACC_000032,ACC_000302,3937832,IDR,IDR,2025-09-14T08:41:01.463893+00:00Z,poc-tx
TX-001852,ACC_000174,ACC_000579,53507,SGD,SGD,2025-09-09T17:16:57.463904+00:00Z,poc-tx
TX-001853,ACC_000717,ACC_000890,71319,SGD,SGD,2025-09-16T07:27:54.463929+00:00Z,poc-tx
TX-001854,ACC_000493,ACC_000702,2376236,IDR,IDR,2025-09-11T08:22:54.463949+00:00Z,poc-tx
TX-001855,ACC_000834,ACC_000609,93698,SGD,IDR,2025-09-12T06:26:39.463979+00:00Z,poc-tx
TX-001856,ACC_000232,ACC_000047,119417,SGD,SGD,2025-09-15T11:41:09.463991+00:00Z,poc-tx
TX-001857,ACC_000659,ACC_000911,60133,USD,USD,2025-09-15T20:29:57.464015+00:00Z,poc-tx
TX-001858,ACC_000403,ACC_000254,3123551,IDR,SGD,2025-09-15T22:15:16.464033+00:00Z,poc-tx
TX-001859,ACC_000492,ACC_000002,186514,USD,SGD,2025-09-15T18:54:02.464053+00:00Z,poc-tx
TX-001860,ACC_000479,ACC_000901,2864350,IDR,IDR,2025-09-10T14:51:15.464072+00:00Z,poc-tx
TX-001861,ACC_000223,ACC_000335,3908740,IDR,USD,2025-09-16T10:44:51.464085+00:00Z,poc-tx
TX-001862,ACC_000924,ACC_000863,132949,USD,USD,2025-09-15T10:48:17.464116+00:00Z,poc-tx
TX-001863,ACC_000534,ACC_000428,4220276,IDR,IDR,2025-09-10T04:22:20.464137+00:00Z,poc-tx
TX-001864,ACC_000702,ACC_000331,173414,USD,USD,2025-09-11T21:08:55.464162+00:00Z,poc-tx
TX-001865,ACC_000634,ACC_000250,144177,SGD,IDR,2025-09-11T19:32:36.464187+00:00Z,poc-tx
TX-001866,ACC_000237,ACC_000598,109482,USD,USD,2025-09-15T22:19:46.464199+00:00Z,poc-tx
TX-001867,ACC_000044,ACC_000597,3513234,IDR,IDR,2025-09-10T17:58:39.464207+00:00Z,poc-tx
TX-001868,ACC_000240,ACC_000644,19031,USD,USD,2025-09-12T05:25:57.464219+00:00Z,poc-tx
TX-001869,ACC_000127,ACC_000279,9698,SGD,SGD,2025-09-10T14:17:57.464229+00:00Z,poc-tx
TX-001870,ACC_000709,ACC_000210,126165,SGD,SGD,2025-09-11T18:33:18.464255+00:00Z,poc-tx
TX-001871,ACC_000033,ACC_000463,486305,IDR,IDR,2025-09-10T15:05:14.464262+00:00Z,poc-tx
TX-001872,ACC_000321,ACC_000298,3932190,IDR,IDR,2025-09-10T15:44:28.464277+00:00Z,poc-tx
TX-001873,ACC_000653,ACC_000747,100694,USD,SGD,2025-09-11T08:26:01.464301+00:00Z,poc-tx
TX-001874,ACC_000562,ACC_000028,2475641,IDR,IDR,2025-09-09T14:06:09.464323+00:00Z,poc-tx
TX-001875,ACC_000055,ACC_000800,4062044,IDR,USD,2025-09-14T05:31:30.464331+00:00Z,poc-tx
TX-001876,ACC_000574,ACC_000810,1846280,IDR,IDR,2025-09-11T03:23:22.464353+00:00Z,poc-tx
TX-001877,ACC_000689,ACC_000554,404328,IDR,IDR,2025-09-15T10:32:23.464378+00:00Z,poc-tx
TX-001878,ACC_000256,ACC_000638,632148,IDR,IDR,2025-09-10T14:47:13.464391+00:00Z,poc-tx
TX-001879,ACC_000057,ACC_000760,126545,SGD,SGD,2025-09-11T19:30:17.464399+00:00Z,poc-tx
TX-001880,ACC_000386,ACC_000604,4871335,IDR,IDR,2025-09-13T09:34:33.464415+00:00Z,poc-tx
TX-001881,ACC_000974,ACC_000688,4118476,IDR,IDR,2025-09-09T16:05:46.464457+00:00Z,poc-tx
TX-001882,ACC_000204,ACC_000900,20886,SGD,SGD,2025-09-13T07:12:03.464475+00:00Z,poc-tx
TX-001883,ACC_000538,ACC_000095,1274384,IDR,IDR,2025-09-11T23:58:17.464496+00:00Z,poc-tx
TX-001884,ACC_000978,ACC_000132,1808229,IDR,IDR,2025-09-13T03:42:10.464529+00:00Z,poc-tx
TX-001885,ACC_000647,ACC_000060,195225,IDR,IDR,2025-09-13T00:16:49.464552+00:00Z,poc-tx
TX-001886,ACC_000339,ACC_000238,26906,USD,USD,2025-09-15T05:10:00.464568+00:00Z,poc-tx
TX-001887,ACC_000293,ACC_000738,122999,SGD,USD,2025-09-11T10:58:52.464583+00:00Z,poc-tx
TX-001888,ACC_000766,ACC_000420,83794,SGD,SGD,2025-09-13T10:45:59.464610+00:00Z,poc-tx
TX-001889,ACC_000026,ACC_000203,132573,SGD,SGD,2025-09-13T08:48:18.464617+00:00Z,poc-tx
TX-001890,ACC_000047,ACC_000143,4148489,IDR,IDR,2025-09-11T06:41:58.464624+00:00Z,poc-tx
TX-001891,ACC_000519,ACC_000500,31911,SGD,USD,2025-09-11T22:17:08.464645+00:00Z,poc-tx
TX-001892,ACC_000162,ACC_000126,1164521,IDR,IDR,2025-09-09T23:39:08.464655+00:00Z,poc-tx
TX-001893,ACC_000345,ACC_000521,95194,USD,USD,2025-09-09T16:07:09.464671+00:00Z,poc-tx
TX-001894,ACC_000123,ACC_000858,547775,IDR,IDR,2025-09-14T10:24:33.464680+00:00Z,poc-tx
TX-001895,ACC_000108,ACC_000603,29354,SGD,SGD,2025-09-14T19:37:03.464690+00:00Z,poc-tx
TX-001896,ACC_000219,ACC_000936,3846456,IDR,USD,2025-09-10T22:14:33.464702+00:00Z,poc-tx
TX-001897,ACC_000145,ACC_000728,4693280,IDR,IDR,2025-09-10T16:41:59.464712+00:00Z,poc-tx
TX-001898,ACC_000441,ACC_000091,687341,IDR,IDR,2025-09-15T22:14:30.464730+00:00Z,poc-tx
TX-001899,ACC_000317,ACC_000265,78878,USD,USD,2025-09-14T21:10:16.464745+00:00Z,poc-tx
TX-001900,ACC_000866,ACC_000745,12070,USD,USD,2025-09-10T19:30:43.464774+00:00Z,poc-tx
TX-001901,ACC_000159,ACC_000496,89269,SGD,SGD,2025-09-09T15:09:17.464785+00:00Z,poc-tx
TX-001902,ACC_000301,ACC_000586,1426726,IDR,IDR,2025-09-15T20:41:42.464799+00:00Z,poc-tx
TX-001903,ACC_000816,ACC_000935,1955907,IDR,USD,2025-09-14T07:58:25.464827+00:00Z,poc-tx
TX-001904,ACC_000914,ACC_000937,151115,USD,IDR,2025-09-11T21:50:07.464859+00:00Z,poc-tx
TX-001905,ACC_000461,ACC_000258,98225,SGD,SGD,2025-09-12T01:45:23.464877+00:00Z,poc-tx
TX-001906,ACC_000420,ACC_000751,158896,USD,USD,2025-09-14T08:46:21.464895+00:00Z,poc-tx
TX-001907,ACC_000597,ACC_000351,3829,SGD,IDR,2025-09-12T21:55:37.464917+00:00Z,poc-tx
TX-001908,ACC_000605,ACC_000916,112088,SGD,IDR,2025-09-13T23:06:08.464940+00:00Z,poc-tx
TX-001909,ACC_000277,ACC_000121,8971,SGD,SGD,2025-09-10T04:52:21.464954+00:00Z,poc-tx
TX-001910,ACC_000504,ACC_000403,91402,SGD,SGD,2025-09-11T10:51:40.464974+00:00Z,poc-tx
TX-001911,ACC_000745,ACC_000566,185327,USD,IDR,2025-09-12T04:32:35.465001+00:00Z,poc-tx
TX-001912,ACC_000192,ACC_000046,2670985,IDR,IDR,2025-09-11T23:17:39.465012+00:00Z,poc-tx
TX-001913,ACC_000716,ACC_000942,56967,USD,USD,2025-09-11T03:18:28.465037+00:00Z,poc-tx
TX-001914,ACC_000479,ACC_000264,4270604,IDR,IDR,2025-09-11T07:51:34.465056+00:00Z,poc-tx
TX-001915,ACC_000896,ACC_000201,32763,SGD,SGD,2025-09-12T22:13:58.465086+00:00Z,poc-tx
TX-001916,ACC_000956,ACC_000736,7327,USD,USD,2025-09-14T09:20:08.465118+00:00Z,poc-tx
TX-001917,ACC_000567,ACC_000029,45618,SGD,USD,2025-09-09T13:18:51.465140+00:00Z,poc-tx
TX-001918,ACC_000265,ACC_000983,179113,USD,IDR,2025-09-13T09:33:01.465154+00:00Z,poc-tx
TX-001919,ACC_000514,ACC_000059,54020,SGD,SGD,2025-09-10T23:28:29.465174+00:00Z,poc-tx
TX-001920,ACC_000170,ACC_000059,62954,USD,USD,2025-09-14T11:05:33.465185+00:00Z,poc-tx
TX-001921,ACC_000467,ACC_000903,20818,SGD,SGD,2025-09-11T10:42:38.465203+00:00Z,poc-tx
TX-001922,ACC_000645,ACC_000563,1891630,IDR,IDR,2025-09-16T02:31:07.465227+00:00Z,poc-tx
TX-001923,ACC_000670,ACC_000056,1965490,IDR,IDR,2025-09-16T11:38:25.465251+00:00Z,poc-tx
TX-001924,ACC_000526,ACC_000242,64375,SGD,USD,2025-09-10T22:57:28.465272+00:00Z,poc-tx
TX-001925,ACC_000951,ACC_000242,79474,SGD,USD,2025-09-10T09:12:52.465304+00:00Z,poc-tx
TX-001926,ACC_000495,ACC_000521,3206759,IDR,IDR,2025-09-15T13:37:20.465323+00:00Z,poc-tx
TX-001927,ACC_000702,ACC_000992,39521,USD,IDR,2025-09-12T10:23:19.465349+00:00Z,poc-tx
TX-001928,ACC_000993,ACC_000187,80748,SGD,SGD,2025-09-12T05:15:39.465381+00:00Z,poc-tx
TX-001929,ACC_000914,ACC_000877,86639,USD,USD,2025-09-14T11:30:17.465412+00:00Z,poc-tx
TX-001930,ACC_000518,ACC_000511,140982,USD,USD,2025-09-16T06:01:48.465432+00:00Z,poc-tx
TX-001931,ACC_000184,ACC_000216,128392,SGD,IDR,2025-09-16T08:12:45.465444+00:00Z,poc-tx
TX-001932,ACC_000276,ACC_000227,43836,SGD,SGD,2025-09-12T00:49:12.465457+00:00Z,poc-tx
TX-001933,ACC_000065,ACC_000418,2588713,IDR,IDR,2025-09-10T09:51:53.465474+00:00Z,poc-tx
TX-001934,ACC_000773,ACC_000249,91572,SGD,SGD,2025-09-11T04:04:11.465501+00:00Z,poc-tx
TX-001935,ACC_000696,ACC_000805,55614,SGD,USD,2025-09-12T15:11:21.465527+00:00Z,poc-tx
TX-001936,ACC_000272,ACC_000708,4060928,IDR,IDR,2025-09-15T03:11:03.465541+00:00Z,poc-tx
TX-001937,ACC_000078,ACC_000775,92354,SGD,SGD,2025-09-15T10:36:04.465549+00:00Z,poc-tx
TX-001938,ACC_000420,ACC_000447,144848,USD,IDR,2025-09-09T21:56:50.465567+00:00Z,poc-tx
TX-001939,ACC_000584,ACC_000564,107395,SGD,USD,2025-09-14T15:38:11.465590+00:00Z,poc-tx
TX-001940,ACC_000521,ACC_000115,72561,SGD,SGD,2025-09-13T07:21:00.465610+00:00Z,poc-tx
TX-001941,ACC_000244,ACC_000566,145866,SGD,SGD,2025-09-15T05:37:01.465623+00:00Z,poc-tx
TX-001942,ACC_000803,ACC_000093,126379,USD,USD,2025-09-16T04:23:24.465650+00:00Z,poc-tx
TX-001943,ACC_000930,ACC_000703,29608,SGD,USD,2025-09-12T09:47:26.465682+00:00Z,poc-tx
TX-001944,ACC_000628,ACC_000973,2938338,IDR,IDR,2025-09-15T19:12:36.465704+00:00Z,poc-tx
TX-001945,ACC_000901,ACC_000895,1675252,IDR,IDR,2025-09-14T01:34:27.465735+00:00Z,poc-tx
TX-001946,ACC_000018,ACC_000636,20240,SGD,SGD,2025-09-10T13:40:27.465741+00:00Z,poc-tx
TX-001947,ACC_000458,ACC_000085,87795,SGD,SGD,2025-09-11T13:21:44.465760+00:00Z,poc-tx
TX-001948,ACC_000549,ACC_000900,22333,USD,USD,2025-09-10T12:50:43.465781+00:00Z,poc-tx
TX-001949,ACC_000433,ACC_000181,91746,SGD,SGD,2025-09-13T10:58:40.465799+00:00Z,poc-tx
TX-001950,ACC_000752,ACC_000638,3597505,IDR,IDR,2025-09-10T17:07:02.465825+00:00Z,poc-tx
TX-001951,ACC_000695,ACC_000315,2375853,IDR,IDR,2025-09-12T00:41:54.465850+00:00Z,poc-tx
TX-001952,ACC_000773,ACC_000662,124114,SGD,SGD,2025-09-09T20:41:06.465876+00:00Z,poc-tx
TX-001953,ACC_000170,ACC_000406,141784,USD,IDR,2025-09-14T18:48:36.465888+00:00Z,poc-tx
TX-001954,ACC_000575,ACC_000842,23807,USD,SGD,2025-09-12T00:05:18.465910+00:00Z,poc-tx
TX-001955,ACC_000570,ACC_000550,182621,USD,USD,2025-09-16T00:42:45.465931+00:00Z,poc-tx
TX-001956,ACC_000243,ACC_000230,5549,USD,USD,2025-09-13T22:15:26.465944+00:00Z,poc-tx
TX-001957,ACC_000455,ACC_000394,217133,IDR,IDR,2025-09-10T05:33:49.465962+00:00Z,poc-tx
TX-001958,ACC_000889,ACC_000321,31369,SGD,SGD,2025-09-13T03:16:20.465992+00:00Z,poc-tx
TX-001959,ACC_000695,ACC_000450,82345,IDR,USD,2025-09-11T10:37:17.466018+00:00Z,poc-tx
TX-001960,ACC_000529,ACC_000666,29096,SGD,IDR,2025-09-15T15:12:37.466038+00:00Z,poc-tx
TX-001961,ACC_000964,ACC_000480,2267116,IDR,IDR,2025-09-14T17:28:13.466070+00:00Z,poc-tx
TX-001962,ACC_000256,ACC_000713,4652737,IDR,IDR,2025-09-15T01:52:38.466084+00:00Z,poc-tx
TX-001963,ACC_000730,ACC_000032,138809,SGD,SGD,2025-09-10T21:31:28.466109+00:00Z,poc-tx
TX-001964,ACC_000364,ACC_000679,201311,IDR,IDR,2025-09-14T12:38:00.466125+00:00Z,poc-tx
TX-001965,ACC_000011,ACC_000863,161467,IDR,IDR,2025-09-09T22:26:45.466132+00:00Z,poc-tx
TX-001966,ACC_000080,ACC_000385,57856,USD,USD,2025-09-15T03:33:41.466140+00:00Z,poc-tx
TX-001967,ACC_000085,ACC_000022,715871,IDR,USD,2025-09-10T22:09:32.466149+00:00Z,poc-tx
TX-001968,ACC_000784,ACC_000172,97094,SGD,IDR,2025-09-10T23:50:09.466177+00:00Z,poc-tx
TX-001969,ACC_000988,ACC_000799,16774,USD,USD,2025-09-12T16:11:03.466214+00:00Z,poc-tx
TX-001970,ACC_000545,ACC_000729,1249884,IDR,IDR,2025-09-11T20:08:37.466238+00:00Z,poc-tx
TX-001971,ACC_000116,ACC_000718,2506429,IDR,IDR,2025-09-12T06:48:54.466249+00:00Z,poc-tx
TX-001972,ACC_000575,ACC_000367,58089,USD,IDR,2025-09-12T22:02:53.466274+00:00Z,poc-tx
TX-001973,ACC_000539,ACC_000892,105002,USD,USD,2025-09-16T10:47:07.466298+00:00Z,poc-tx
TX-001974,ACC_000879,ACC_000809,2267121,IDR,IDR,2025-09-14T11:46:52.466332+00:00Z,poc-tx
TX-001975,ACC_000678,ACC_000890,895639,IDR,IDR,2025-09-09T13:05:08.466361+00:00Z,poc-tx
TX-001976,ACC_000085,ACC_000420,4999170,IDR,USD,2025-09-12T10:09:14.466371+00:00Z,poc-tx
TX-001977,ACC_000819,ACC_000003,80044,SGD,SGD,2025-09-12T08:50:04.466404+00:00Z,poc-tx
TX-001978,ACC_000966,ACC_000888,50562,SGD,USD,2025-09-11T19:00:22.466453+00:00Z,poc-tx
TX-001979,ACC_000527,ACC_000969,103751,SGD,SGD,2025-09-15T21:50:58.466482+00:00Z,poc-tx
TX-001980,ACC_000538,ACC_000549,3495205,IDR,IDR,2025-09-14T00:42:53.466504+00:00Z,poc-tx
TX-001981,ACC_000359,ACC_000874,117701,SGD,IDR,2025-09-10T10:12:15.466520+00:00Z,poc-tx
TX-001982,ACC_000842,ACC_000643,778281,IDR,IDR,2025-09-12T08:16:14.466550+00:00Z,poc-tx
TX-001983,ACC_000313,ACC_000096,139718,SGD,SGD,2025-09-14T10:46:25.466566+00:00Z,poc-tx
TX-001984,ACC_000560,ACC_000183,35449,USD,USD,2025-09-15T12:32:06.466587+00:00Z,poc-tx
TX-001985,ACC_000410,ACC_000950,22205,USD,USD,2025-09-11T15:41:12.466605+00:00Z,poc-tx
TX-001986,ACC_000636,ACC_000343,9150,SGD,USD,2025-09-11T13:17:52.466629+00:00Z,poc-tx
TX-001987,ACC_000535,ACC_000272,136936,USD,USD,2025-09-11T08:24:32.466650+00:00Z,poc-tx
TX-001988,ACC_000035,ACC_000894,10940,USD,USD,2025-09-15T18:31:34.466657+00:00Z,poc-tx
TX-001989,ACC_000173,ACC_000149,71113,USD,IDR,2025-09-12T19:11:15.466669+00:00Z,poc-tx
TX-001990,ACC_000805,ACC_000817,30640,USD,USD,2025-09-10T04:22:00.466696+00:00Z,poc-tx
TX-001991,ACC_000472,ACC_000832,172676,USD,USD,2025-09-13T01:49:05.466715+00:00Z,poc-tx
TX-001992,ACC_000519,ACC_000585,114302,SGD,USD,2025-09-11T13:48:07.466736+00:00Z,poc-tx
TX-001993,ACC_000585,ACC_000944,105450,SGD,SGD,2025-09-14T12:15:12.466758+00:00Z,poc-tx
TX-001994,ACC_000345,ACC_000048,43443,USD,USD,2025-09-10T20:49:06.466773+00:00Z,poc-tx
TX-001995,ACC_000724,ACC_000676,18370,USD,USD,2025-09-10T19:59:53.466799+00:00Z,poc-tx
TX-001996,ACC_000714,ACC_000274,4135336,IDR,IDR,2025-09-12T20:12:51.466825+00:00Z,poc-tx
TX-001997,ACC_000807,ACC_000081,2378157,IDR,IDR,2025-09-09T15:32:11.466859+00:00Z,poc-tx
TX-001998,ACC_000619,ACC_000384,656226,IDR,IDR,2025-09-13T07:26:19.466883+00:00Z,poc-tx
TX-001999,ACC_000414,ACC_000818,3124776,IDR,IDR,2025-09-09T16:00:22.466901+00:00Z,poc-tx
TX-002000,ACC_000168,ACC_000415,3758,SGD,SGD,2025-09-12T22:01:24.466912+00:00Z,poc-tx
TX-002001,ACC_000850,ACC_000298,148820,USD,SGD,2025-09-11T12:43:25.466941+00:00Z,poc-tx
TX-002002,ACC_000686,ACC_000718,105463,SGD,USD,2025-09-13T01:33:24.466966+00:00Z,poc-tx
TX-002003,ACC_000587,ACC_000799,1510511,IDR,IDR,2025-09-12T07:43:14.466989+00:00Z,poc-tx
TX-002004,ACC_000064,ACC_000082,115775,SGD,SGD,2025-09-11T11:54:38.466996+00:00Z,poc-tx
TX-002005,ACC_000955,ACC_000513,3035578,IDR,IDR,2025-09-12T00:52:34.467028+00:00Z,poc-tx
TX-002006,ACC_000466,ACC_000824,51543,USD,USD,2025-09-12T03:19:56.467047+00:00Z,poc-tx
TX-002007,ACC_000173,ACC_000226,150658,USD,USD,2025-09-10T20:51:18.467058+00:00Z,poc-tx
TX-002008,ACC_000129,ACC_000597,559,SGD,IDR,2025-09-12T02:37:55.467068+00:00Z,poc-tx
TX-002009,ACC_000151,ACC_000288,580,SGD,SGD,2025-09-10T15:07:30.467079+00:00Z,poc-tx
TX-002010,ACC_000659,ACC_000887,61162,USD,USD,2025-09-09T16:34:36.467103+00:00Z,poc-tx
TX-002011,ACC_000174,ACC_000177,102789,SGD,SGD,2025-09-14T04:02:22.467114+00:00Z,poc-tx
TX-002012,ACC_000297,ACC_000420,89553,SGD,SGD,2025-09-14T14:23:41.467129+00:00Z,poc-tx
TX-002013,ACC_000376,ACC_000737,1797135,IDR,USD,2025-09-12T00:53:07.467146+00:00Z,poc-tx
TX-002014,ACC_000734,ACC_000620,90914,USD,USD,2025-09-11T07:11:34.467172+00:00Z,poc-tx
TX-002015,ACC_000213,ACC_000308,74989,USD,USD,2025-09-12T11:04:38.467184+00:00Z,poc-tx
TX-002016,ACC_000677,ACC_000009,50002,USD,USD,2025-09-16T04:01:14.467208+00:00Z,poc-tx
TX-002017,ACC_000624,ACC_000744,188335,USD,USD,2025-09-11T22:36:45.467231+00:00Z,poc-tx
TX-002018,ACC_000701,ACC_000468,108399,USD,IDR,2025-09-11T22:34:31.467257+00:00Z,poc-tx
TX-002019,ACC_000082,ACC_000587,176006,USD,USD,2025-09-12T13:26:51.467265+00:00Z,poc-tx
TX-002020,ACC_000639,ACC_000026,83836,USD,USD,2025-09-15T21:22:35.467289+00:00Z,poc-tx
TX-002021,ACC_000583,ACC_000655,129333,SGD,SGD,2025-09-13T02:35:45.467310+00:00Z,poc-tx
TX-002022,ACC_000118,ACC_000011,3604741,IDR,USD,2025-09-16T07:52:17.467320+00:00Z,poc-tx
TX-002023,ACC_000109,ACC_000803,7743,SGD,SGD,2025-09-15T04:46:11.467330+00:00Z,poc-tx
TX-002024,ACC_000816,ACC_000072,1975309,IDR,IDR,2025-09-13T14:24:20.467358+00:00Z,poc-tx
TX-002025,ACC_000253,ACC_000613,2078476,IDR,IDR,2025-09-12T21:55:38.467381+00:00Z,poc-tx
TX-002026,ACC_000607,ACC_000418,79634,SGD,SGD,2025-09-10T16:18:37.467404+00:00Z,poc-tx
TX-002027,ACC_000206,ACC_000990,173866,USD,IDR,2025-09-13T15:03:13.467416+00:00Z,poc-tx
TX-002028,ACC_000924,ACC_000586,36656,USD,IDR,2025-09-15T13:01:46.467447+00:00Z,poc-tx
TX-002029,ACC_000615,ACC_000015,104863,SGD,SGD,2025-09-11T16:09:13.467469+00:00Z,poc-tx
TX-002030,ACC_000034,ACC_000933,85714,SGD,SGD,2025-09-13T06:53:56.467476+00:00Z,poc-tx
TX-002031,ACC_000778,ACC_000244,4469849,IDR,IDR,2025-09-12T20:35:07.467503+00:00Z,poc-tx
TX-002032,ACC_000716,ACC_000751,144903,USD,USD,2025-09-11T21:58:26.467530+00:00Z,poc-tx
TX-002033,ACC_000771,ACC_000632,20735,SGD,SGD,2025-09-15T17:37:06.467558+00:00Z,poc-tx
TX-002034,ACC_000733,ACC_000078,88660,USD,USD,2025-09-15T23:50:11.467584+00:00Z,poc-tx
TX-002035,ACC_000975,ACC_000369,129608,SGD,SGD,2025-09-13T18:05:03.467617+00:00Z,poc-tx
TX-002036,ACC_000176,ACC_000420,173097,USD,IDR,2025-09-15T09:31:37.467629+00:00Z,poc-tx
TX-002037,ACC_000648,ACC_000981,15472,SGD,SGD,2025-09-13T09:56:41.467653+00:00Z,poc-tx
TX-002038,ACC_000021,ACC_000693,4652896,IDR,SGD,2025-09-13T08:40:14.467661+00:00Z,poc-tx
TX-002039,ACC_000779,ACC_000777,45847,USD,SGD,2025-09-09T17:57:06.467689+00:00Z,poc-tx
TX-002040,ACC_000594,ACC_000156,46366,SGD,SGD,2025-09-15T17:45:45.467712+00:00Z,poc-tx
TX-002041,ACC_000973,ACC_000316,85751,SGD,IDR,2025-09-12T10:14:39.467745+00:00Z,poc-tx
TX-002042,ACC_000650,ACC_000506,65280,USD,IDR,2025-09-15T18:51:15.467770+00:00Z,poc-tx
TX-002043,ACC_000341,ACC_000973,16530,SGD,IDR,2025-09-13T14:02:27.467786+00:00Z,poc-tx
TX-002044,ACC_000108,ACC_000524,24081,SGD,SGD,2025-09-11T03:41:20.467796+00:00Z,poc-tx
TX-002045,ACC_000947,ACC_000366,349,SGD,SGD,2025-09-09T16:06:07.467828+00:00Z,poc-tx
TX-002046,ACC_000861,ACC_000982,50293,SGD,USD,2025-09-16T05:39:24.467859+00:00Z,poc-tx
TX-002047,ACC_000699,ACC_000933,65235,USD,USD,2025-09-16T06:01:32.467884+00:00Z,poc-tx
TX-002048,ACC_000725,ACC_000427,106986,SGD,IDR,2025-09-13T01:48:06.467911+00:00Z,poc-tx
TX-002049,ACC_000786,ACC_000516,154911,USD,IDR,2025-09-11T03:05:04.467939+00:00Z,poc-tx
TX-002050,ACC_000629,ACC_000860,40400,USD,IDR,2025-09-13T16:37:46.467963+00:00Z,poc-tx
TX-002051,ACC_000955,ACC_000034,2438982,IDR,USD,2025-09-10T08:03:14.467996+00:00Z,poc-tx
TX-002052,ACC_000108,ACC_000795,280,SGD,SGD,2025-09-15T07:46:44.468005+00:00Z,poc-tx
TX-002053,ACC_000860,ACC_000140,164007,IDR,IDR,2025-09-13T02:00:09.468035+00:00Z,poc-tx
TX-002054,ACC_000291,ACC_000603,69453,SGD,SGD,2025-09-09T23:51:51.468050+00:00Z,poc-tx
TX-002055,ACC_000067,ACC_000212,12344,USD,USD,2025-09-16T04:58:29.468058+00:00Z,poc-tx
TX-002056,ACC_000447,ACC_000121,165734,USD,IDR,2025-09-09T22:36:10.468077+00:00Z,poc-tx
TX-002057,ACC_000783,ACC_000945,42641,USD,SGD,2025-09-15T14:32:31.468105+00:00Z,poc-tx
TX-002058,ACC_000059,ACC_000425,2370044,IDR,IDR,2025-09-11T17:29:58.468113+00:00Z,poc-tx
TX-002059,ACC_000893,ACC_000603,4904173,IDR,IDR,2025-09-14T06:57:18.468144+00:00Z,poc-tx
TX-002060,ACC_000333,ACC_000725,658186,IDR,IDR,2025-09-14T23:12:55.468159+00:00Z,poc-tx
TX-002061,ACC_000487,ACC_000826,2432944,IDR,IDR,2025-09-14T14:49:46.468189+00:00Z,poc-tx
TX-002062,ACC_000408,ACC_000552,142641,USD,USD,2025-09-10T12:53:32.468213+00:00Z,poc-tx
TX-002063,ACC_000548,ACC_000784,117896,SGD,USD,2025-09-14T23:22:38.468238+00:00Z,poc-tx
TX-002064,ACC_000515,ACC_000608,2076207,IDR,IDR,2025-09-09T20:12:30.468259+00:00Z,poc-tx
TX-002065,ACC_000822,ACC_000435,149784,SGD,USD,2025-09-12T05:19:31.468290+00:00Z,poc-tx
TX-002066,ACC_000381,ACC_000130,2104795,IDR,IDR,2025-09-11T22:32:31.468308+00:00Z,poc-tx
TX-002067,ACC_000721,ACC_000497,122096,USD,USD,2025-09-16T12:05:32.468335+00:00Z,poc-tx
TX-002068,ACC_000330,ACC_000922,136567,SGD,USD,2025-09-11T09:33:09.468351+00:00Z,poc-tx
TX-002069,ACC_000682,ACC_000767,13054,SGD,USD,2025-09-12T04:39:47.468378+00:00Z,poc-tx
TX-002070,ACC_000213,ACC_000296,127683,USD,USD,2025-09-12T16:38:26.468391+00:00Z,poc-tx
TX-002071,ACC_000149,ACC_000786,63728,SGD,SGD,2025-09-11T13:00:12.468401+00:00Z,poc-tx
TX-002072,ACC_000678,ACC_000967,2183627,IDR,IDR,2025-09-11T02:57:16.468428+00:00Z,poc-tx
TX-002073,ACC_000422,ACC_000529,157249,USD,USD,2025-09-16T09:55:03.468446+00:00Z,poc-tx
TX-002074,ACC_000053,ACC_000479,100688,USD,USD,2025-09-15T02:10:30.468454+00:00Z,poc-tx
TX-002075,ACC_000410,ACC_000842,22963,USD,SGD,2025-09-13T13:52:38.468473+00:00Z,poc-tx
TX-002076,ACC_000508,ACC_000605,54245,USD,SGD,2025-09-16T00:45:03.468494+00:00Z,poc-tx
TX-002077,ACC_000298,ACC_000936,131301,SGD,SGD,2025-09-10T16:43:55.468510+00:00Z,poc-tx
TX-002078,ACC_000044,ACC_000216,1559647,IDR,IDR,2025-09-16T12:03:31.468517+00:00Z,poc-tx
TX-002079,ACC_000245,ACC_000072,55505,SGD,USD,2025-09-10T15:41:50.468531+00:00Z,poc-tx
TX-002080,ACC_000771,ACC_000653,10527,SGD,USD,2025-09-13T20:06:58.468560+00:00Z,poc-tx
TX-002081,ACC_000013,ACC_000954,94509,USD,USD,2025-09-12T19:49:48.468567+00:00Z,poc-tx
TX-002082,ACC_000628,ACC_000941,945242,IDR,IDR,2025-09-13T11:54:42.468592+00:00Z,poc-tx
TX-002083,ACC_000355,ACC_000387,167703,USD,USD,2025-09-13T00:30:29.468608+00:00Z,poc-tx
TX-002084,ACC_000943,ACC_000237,640556,IDR,USD,2025-09-14T03:33:28.468643+00:00Z,poc-tx
TX-002085,ACC_000046,ACC_000155,29591,SGD,USD,2025-09-13T12:08:00.468651+00:00Z,poc-tx
TX-002086,ACC_000666,ACC_000356,49393,USD,USD,2025-09-11T01:31:55.468676+00:00Z,poc-tx
TX-002087,ACC_000084,ACC_000239,4825065,IDR,SGD,2025-09-13T11:29:46.468686+00:00Z,poc-tx
TX-002088,ACC_000498,ACC_000165,2782671,IDR,IDR,2025-09-14T22:46:51.468707+00:00Z,poc-tx
TX-002089,ACC_000816,ACC_000114,4554253,IDR,IDR,2025-09-12T17:34:42.468737+00:00Z,poc-tx
TX-002090,ACC_000656,ACC_000852,1199242,IDR,SGD,2025-09-12T01:08:44.468763+00:00Z,poc-tx
TX-002091,ACC_000937,ACC_000088,4699708,IDR,IDR,2025-09-09T15:41:28.468796+00:00Z,poc-tx
TX-002092,ACC_000390,ACC_000050,2195447,IDR,IDR,2025-09-11T02:29:01.468814+00:00Z,poc-tx
TX-002093,ACC_000722,ACC_000446,2450348,IDR,IDR,2025-09-14T18:03:13.468841+00:00Z,poc-tx
TX-002094,ACC_000279,ACC_000215,147581,USD,USD,2025-09-09T17:10:46.468868+00:00Z,poc-tx
TX-002095,ACC_000226,ACC_000269,59279,USD,USD,2025-09-11T00:07:47.468887+00:00Z,poc-tx
TX-002096,ACC_000350,ACC_000110,125500,SGD,SGD,2025-09-10T04:26:26.468904+00:00Z,poc-tx
TX-002097,ACC_000857,ACC_000043,126358,SGD,SGD,2025-09-13T17:18:03.468934+00:00Z,poc-tx
TX-002098,ACC_000152,ACC_000433,2382433,IDR,IDR,2025-09-13T15:29:43.468945+00:00Z,poc-tx
TX-002099,ACC_000415,ACC_000054,185975,USD,USD,2025-09-15T19:42:37.468963+00:00Z,poc-tx
TX-002100,ACC_000073,ACC_000450,4104220,IDR,USD,2025-09-15T10:30:57.468973+00:00Z,poc-tx
TX-002101,ACC_000768,ACC_000042,3137991,IDR,IDR,2025-09-10T11:24:36.469001+00:00Z,poc-tx
TX-002102,ACC_000568,ACC_000990,107508,SGD,SGD,2025-09-13T16:54:11.469023+00:00Z,poc-tx
TX-002103,ACC_000184,ACC_000547,108357,SGD,SGD,2025-09-11T23:33:05.469035+00:00Z,poc-tx
TX-002104,ACC_000844,ACC_000575,52422,USD,USD,2025-09-15T03:01:30.469064+00:00Z,poc-tx
TX-002105,ACC_000078,ACC_000438,104469,SGD,USD,2025-09-11T21:03:00.469073+00:00Z,poc-tx
TX-002106,ACC_000355,ACC_000094,18861,USD,USD,2025-09-10T06:49:04.469090+00:00Z,poc-tx
TX-002107,ACC_000154,ACC_000956,2105547,IDR,USD,2025-09-14T03:32:07.469101+00:00Z,poc-tx
TX-002108,ACC_000389,ACC_000782,2762578,IDR,IDR,2025-09-13T04:55:58.469118+00:00Z,poc-tx
TX-002109,ACC_000737,ACC_000897,92281,SGD,SGD,2025-09-15T23:03:48.469147+00:00Z,poc-tx
TX-002110,ACC_000340,ACC_000154,82069,SGD,IDR,2025-09-14T19:38:02.469204+00:00Z,poc-tx
TX-002111,ACC_000910,ACC_000325,4101814,IDR,IDR,2025-09-10T20:55:19.469256+00:00Z,poc-tx
TX-002112,ACC_000698,ACC_000616,28995,SGD,SGD,2025-09-10T09:35:14.469291+00:00Z,poc-tx
TX-002113,ACC_000514,ACC_000384,75490,SGD,SGD,2025-09-13T01:51:08.469315+00:00Z,poc-tx
TX-002114,ACC_000898,ACC_000039,125036,SGD,SGD,2025-09-10T21:16:01.469353+00:00Z,poc-tx
TX-002115,ACC_000906,ACC_000080,160005,USD,USD,2025-09-15T13:20:42.469390+00:00Z,poc-tx
TX-002116,ACC_000651,ACC_000479,134806,SGD,SGD,2025-09-10T12:09:28.469435+00:00Z,poc-tx
TX-002117,ACC_000912,ACC_000402,185417,USD,USD,2025-09-13T10:50:40.469491+00:00Z,poc-tx
TX-002118,ACC_000367,ACC_000721,89955,IDR,IDR,2025-09-11T08:24:38.469508+00:00Z,poc-tx
TX-002119,ACC_000108,ACC_000941,7987,SGD,SGD,2025-09-15T13:26:24.469518+00:00Z,poc-tx
TX-002120,ACC_000221,ACC_000424,22181,SGD,SGD,2025-09-16T10:26:29.469531+00:00Z,poc-tx
TX-002121,ACC_000065,ACC_000432,2255715,IDR,IDR,2025-09-15T06:15:35.469539+00:00Z,poc-tx
TX-002122,ACC_000246,ACC_000415,89214,USD,USD,2025-09-12T12:10:58.469554+00:00Z,poc-tx
TX-002123,ACC_000608,ACC_000561,108783,USD,SGD,2025-09-14T09:22:18.469579+00:00Z,poc-tx
TX-002124,ACC_000831,ACC_000104,102456,USD,IDR,2025-09-10T02:36:39.469610+00:00Z,poc-tx
TX-002125,ACC_000325,ACC_000214,122751,SGD,IDR,2025-09-13T08:51:15.469627+00:00Z,poc-tx
TX-002126,ACC_000251,ACC_000038,4596557,IDR,IDR,2025-09-09T13:05:44.469641+00:00Z,poc-tx
TX-002127,ACC_000257,ACC_000183,4374990,IDR,IDR,2025-09-13T17:09:28.469656+00:00Z,poc-tx
TX-002128,ACC_000410,ACC_000198,179673,USD,SGD,2025-09-15T05:48:12.469675+00:00Z,poc-tx
TX-002129,ACC_000363,ACC_000244,4707193,IDR,IDR,2025-09-13T08:17:42.469692+00:00Z,poc-tx
TX-002130,ACC_000663,ACC_000230,189452,IDR,IDR,2025-09-12T15:31:53.469718+00:00Z,poc-tx
TX-002131,ACC_000227,ACC_000092,5581,SGD,SGD,2025-09-12T14:28:52.469731+00:00Z,poc-tx
TX-002132,ACC_000625,ACC_000047,55870,SGD,SGD,2025-09-10T16:53:57.469756+00:00Z,poc-tx
TX-002133,ACC_000447,ACC_000612,21913,USD,USD,2025-09-13T20:49:48.469775+00:00Z,poc-tx
TX-002134,ACC_000354,ACC_000579,3229419,IDR,IDR,2025-09-10T09:02:42.469792+00:00Z,poc-tx
TX-002135,ACC_000994,ACC_000287,2392820,IDR,USD,2025-09-10T08:44:27.469828+00:00Z,poc-tx
TX-002136,ACC_000309,ACC_000485,67872,SGD,USD,2025-09-14T16:39:48.469844+00:00Z,poc-tx
TX-002137,ACC_000501,ACC_000176,90773,SGD,USD,2025-09-09T23:38:47.469866+00:00Z,poc-tx
TX-002138,ACC_000721,ACC_000499,40305,USD,USD,2025-09-13T15:10:53.469893+00:00Z,poc-tx
TX-002139,ACC_000240,ACC_000217,72863,USD,USD,2025-09-11T01:40:54.469907+00:00Z,poc-tx
TX-002140,ACC_000790,ACC_000407,71226,USD,USD,2025-09-14T22:43:23.469936+00:00Z,poc-tx
TX-002141,ACC_000724,ACC_000143,181706,USD,USD,2025-09-14T23:17:35.469964+00:00Z,poc-tx
TX-002142,ACC_000943,ACC_000861,2199348,IDR,IDR,2025-09-10T14:10:41.469997+00:00Z,poc-tx
TX-002143,ACC_000468,ACC_000974,217900,IDR,IDR,2025-09-14T10:43:58.470017+00:00Z,poc-tx
TX-002144,ACC_000547,ACC_000047,155834,USD,USD,2025-09-12T09:10:31.470040+00:00Z,poc-tx
TX-002145,ACC_000708,ACC_000070,97579,SGD,SGD,2025-09-13T05:59:00.470067+00:00Z,poc-tx
TX-002146,ACC_000560,ACC_000561,44411,USD,IDR,2025-09-15T03:19:46.470090+00:00Z,poc-tx
TX-002147,ACC_000095,ACC_000577,2191706,IDR,IDR,2025-09-13T13:15:26.470099+00:00Z,poc-tx
TX-002148,ACC_000372,ACC_000310,27747,USD,USD,2025-09-12T14:28:27.470117+00:00Z,poc-tx
TX-002149,ACC_000658,ACC_000407,3721400,IDR,USD,2025-09-11T20:21:41.470143+00:00Z,poc-tx
TX-002150,ACC_000025,ACC_000648,46158,SGD,SGD,2025-09-14T00:13:01.470150+00:00Z,poc-tx
TX-002151,ACC_000934,ACC_000141,7494,SGD,USD,2025-09-09T20:49:12.470198+00:00Z,poc-tx
TX-002152,ACC_000626,ACC_000345,1703800,IDR,USD,2025-09-14T08:51:44.470229+00:00Z,poc-tx
TX-002153,ACC_000511,ACC_000957,114804,SGD,SGD,2025-09-11T07:24:56.470252+00:00Z,poc-tx
TX-002154,ACC_000720,ACC_000254,34128,USD,SGD,2025-09-10T00:32:33.470280+00:00Z,poc-tx
TX-002155,ACC_000924,ACC_000181,65800,USD,IDR,2025-09-12T08:11:47.470315+00:00Z,poc-tx
TX-002156,ACC_000251,ACC_000522,4320760,IDR,IDR,2025-09-15T09:40:29.470329+00:00Z,poc-tx
TX-002157,ACC_000133,ACC_000201,39934,SGD,SGD,2025-09-13T07:31:48.470340+00:00Z,poc-tx
TX-002158,ACC_000158,ACC_000063,14088,SGD,SGD,2025-09-13T05:28:58.470351+00:00Z,poc-tx
TX-002159,ACC_000303,ACC_000283,4894390,IDR,USD,2025-09-16T00:00:10.470366+00:00Z,poc-tx
TX-002160,ACC_000275,ACC_000878,1718345,IDR,SGD,2025-09-10T11:22:46.470381+00:00Z,poc-tx
TX-002161,ACC_000651,ACC_000897,28090,SGD,SGD,2025-09-14T04:54:05.470406+00:00Z,poc-tx
TX-002162,ACC_000787,ACC_000090,4138116,IDR,USD,2025-09-15T11:15:15.470435+00:00Z,poc-tx
TX-002163,ACC_000111,ACC_000659,76550,SGD,SGD,2025-09-14T14:21:48.470445+00:00Z,poc-tx
TX-002164,ACC_000681,ACC_000606,129214,SGD,SGD,2025-09-16T02:21:58.470471+00:00Z,poc-tx
TX-002165,ACC_000469,ACC_000282,183120,USD,USD,2025-09-10T23:21:47.470491+00:00Z,poc-tx
TX-002166,ACC_000855,ACC_000177,46620,USD,USD,2025-09-14T21:18:13.470522+00:00Z,poc-tx
TX-002167,ACC_000087,ACC_000675,4394245,IDR,IDR,2025-09-15T01:14:27.470531+00:00Z,poc-tx
TX-002168,ACC_000970,ACC_000844,1862335,IDR,IDR,2025-09-11T00:13:58.470565+00:00Z,poc-tx
TX-002169,ACC_000243,ACC_000759,75245,USD,USD,2025-09-15T22:45:22.470578+00:00Z,poc-tx
TX-002170,ACC_000466,ACC_000142,131866,USD,SGD,2025-09-09T18:37:05.470598+00:00Z,poc-tx
TX-002171,ACC_000896,ACC_000733,94566,SGD,IDR,2025-09-10T14:29:57.470631+00:00Z,poc-tx
TX-002172,ACC_000241,ACC_000156,4130,SGD,SGD,2025-09-10T18:04:33.470644+00:00Z,poc-tx
TX-002173,ACC_000770,ACC_000939,3576,USD,SGD,2025-09-14T21:16:38.470673+00:00Z,poc-tx
TX-002174,ACC_000710,ACC_000093,27440,USD,USD,2025-09-16T09:49:05.470700+00:00Z,poc-tx
TX-002175,ACC_000738,ACC_000798,4146008,IDR,IDR,2025-09-13T21:10:40.470727+00:00Z,poc-tx
TX-002176,ACC_000406,ACC_000730,33811,USD,USD,2025-09-15T17:56:37.470745+00:00Z,poc-tx
TX-002177,ACC_000470,ACC_000789,22317,SGD,SGD,2025-09-12T05:59:00.470765+00:00Z,poc-tx
TX-002178,ACC_000672,ACC_000742,56360,SGD,USD,2025-09-11T00:37:57.470791+00:00Z,poc-tx
TX-002179,ACC_000936,ACC_000262,136016,USD,USD,2025-09-13T16:03:37.470824+00:00Z,poc-tx
TX-002180,ACC_000985,ACC_000293,933076,IDR,USD,2025-09-14T22:31:47.470866+00:00Z,poc-tx
TX-002181,ACC_000166,ACC_000565,166429,USD,USD,2025-09-15T15:14:16.470878+00:00Z,poc-tx
TX-002182,ACC_000952,ACC_000202,100928,SGD,SGD,2025-09-13T23:41:52.470911+00:00Z,poc-tx
TX-002183,ACC_000191,ACC_000129,1549445,IDR,SGD,2025-09-13T00:49:41.470924+00:00Z,poc-tx
TX-002184,ACC_000010,ACC_000658,54752,USD,USD,2025-09-13T21:44:04.470930+00:00Z,poc-tx
TX-002185,ACC_000308,ACC_000296,122030,SGD,SGD,2025-09-14T06:59:41.470946+00:00Z,poc-tx
TX-002186,ACC_000841,ACC_000174,3639733,IDR,IDR,2025-09-14T22:02:56.470976+00:00Z,poc-tx
TX-002187,ACC_000513,ACC_000074,96877,USD,USD,2025-09-13T04:28:22.470997+00:00Z,poc-tx
TX-002188,ACC_000792,ACC_000249,70202,SGD,SGD,2025-09-14T12:07:37.471026+00:00Z,poc-tx
TX-002189,ACC_000700,ACC_000022,138024,SGD,SGD,2025-09-13T08:08:59.471053+00:00Z,poc-tx
TX-002190,ACC_000294,ACC_000246,149212,SGD,IDR,2025-09-14T18:25:39.471068+00:00Z,poc-tx
TX-002191,ACC_000654,ACC_000566,135757,USD,SGD,2025-09-09T14:28:55.471093+00:00Z,poc-tx
TX-002192,ACC_000619,ACC_000315,2816453,IDR,SGD,2025-09-10T12:21:11.471118+00:00Z,poc-tx
TX-002193,ACC_000358,ACC_000592,73743,USD,USD,2025-09-09T20:18:04.471135+00:00Z,poc-tx
TX-002194,ACC_000505,ACC_000445,143169,SGD,IDR,2025-09-13T15:35:51.471157+00:00Z,poc-tx
TX-002195,ACC_000959,ACC_000026,120111,SGD,SGD,2025-09-11T05:06:14.471190+00:00Z,poc-tx
TX-002196,ACC_000096,ACC_000055,1137866,IDR,IDR,2025-09-15T04:57:56.471200+00:00Z,poc-tx
TX-002197,ACC_000404,ACC_000578,21706,USD,USD,2025-09-14T07:19:50.471218+00:00Z,poc-tx
TX-002198,ACC_000688,ACC_000872,127905,SGD,SGD,2025-09-13T04:19:17.471244+00:00Z,poc-tx
TX-002199,ACC_000856,ACC_000781,116157,USD,SGD,2025-09-11T16:34:40.471275+00:00Z,poc-tx
TX-002200,ACC_000904,ACC_000718,132842,USD,USD,2025-09-12T11:36:24.471307+00:00Z,poc-tx
TX-002201,ACC_000412,ACC_000715,27687,SGD,SGD,2025-09-16T04:42:06.471326+00:00Z,poc-tx
TX-002202,ACC_000506,ACC_000437,56012,USD,USD,2025-09-12T17:49:17.471346+00:00Z,poc-tx
TX-002203,ACC_000082,ACC_000925,12019,USD,USD,2025-09-11T13:59:32.471355+00:00Z,poc-tx
TX-002204,ACC_000115,ACC_000873,3675963,IDR,SGD,2025-09-12T23:39:32.471365+00:00Z,poc-tx
TX-002205,ACC_000724,ACC_000535,161082,USD,SGD,2025-09-12T18:47:46.471393+00:00Z,poc-tx
TX-002206,ACC_000640,ACC_000306,2805963,IDR,IDR,2025-09-12T22:00:14.471417+00:00Z,poc-tx
TX-002207,ACC_000170,ACC_000447,55528,USD,USD,2025-09-12T15:45:50.471429+00:00Z,poc-tx
TX-002208,ACC_000229,ACC_000451,2382819,IDR,SGD,2025-09-12T06:31:08.471442+00:00Z,poc-tx
TX-002209,ACC_000279,ACC_000634,66179,USD,USD,2025-09-10T22:26:08.471468+00:00Z,poc-tx
TX-002210,ACC_000315,ACC_000278,1737986,IDR,IDR,2025-09-16T09:26:25.471484+00:00Z,poc-tx
TX-002211,ACC_000178,ACC_000145,119313,USD,USD,2025-09-15T17:17:27.471496+00:00Z,poc-tx
TX-002212,ACC_000759,ACC_000558,4692119,IDR,SGD,2025-09-10T06:54:11.471525+00:00Z,poc-tx
TX-002213,ACC_000088,ACC_000077,47397,SGD,SGD,2025-09-16T11:16:38.471534+00:00Z,poc-tx
TX-002214,ACC_000850,ACC_000921,121530,USD,USD,2025-09-12T18:33:52.471565+00:00Z,poc-tx
TX-002215,ACC_000610,ACC_000064,2139024,IDR,SGD,2025-09-09T16:31:30.471589+00:00Z,poc-tx
TX-002216,ACC_000121,ACC_000831,1429567,IDR,IDR,2025-09-16T04:10:22.471599+00:00Z,poc-tx
TX-002217,ACC_000062,ACC_000310,140606,SGD,IDR,2025-09-16T00:06:01.471607+00:00Z,poc-tx
TX-002218,ACC_000538,ACC_000680,3582882,IDR,IDR,2025-09-11T23:06:07.471629+00:00Z,poc-tx
TX-002219,ACC_000839,ACC_000510,32262,USD,IDR,2025-09-09T13:55:57.471660+00:00Z,poc-tx
TX-002220,ACC_000016,ACC_000752,46598,SGD,USD,2025-09-10T11:18:21.471667+00:00Z,poc-tx
TX-002221,ACC_000276,ACC_000926,146689,SGD,SGD,2025-09-12T22:46:00.471681+00:00Z,poc-tx
TX-002222,ACC_000469,ACC_000329,100889,USD,USD,2025-09-15T18:19:40.471701+00:00Z,poc-tx
TX-002223,ACC_000380,ACC_000346,81283,USD,USD,2025-09-12T21:59:40.471718+00:00Z,poc-tx
TX-002224,ACC_000629,ACC_000631,97941,USD,USD,2025-09-12T16:56:35.471743+00:00Z,poc-tx
TX-002225,ACC_000823,ACC_000932,7000,USD,IDR,2025-09-14T00:42:05.471773+00:00Z,poc-tx
TX-002226,ACC_000035,ACC_000098,57762,USD,USD,2025-09-11T12:13:03.471780+00:00Z,poc-tx
TX-002227,ACC_000879,ACC_000236,1882486,IDR,SGD,2025-09-10T17:09:05.471812+00:00Z,poc-tx
TX-002228,ACC_000708,ACC_000757,85786,SGD,SGD,2025-09-10T09:20:52.471839+00:00Z,poc-tx
TX-002229,ACC_000314,ACC_000400,181660,USD,USD,2025-09-10T08:41:32.471855+00:00Z,poc-tx
TX-002230,ACC_000828,ACC_000971,61667,SGD,SGD,2025-09-16T04:05:30.471884+00:00Z,poc-tx
TX-002231,ACC_000380,ACC_000018,170863,USD,USD,2025-09-12T15:04:26.471902+00:00Z,poc-tx
TX-002232,ACC_000482,ACC_000373,134941,SGD,SGD,2025-09-10T19:32:21.471922+00:00Z,poc-tx
TX-002233,ACC_000370,ACC_000729,124046,USD,USD,2025-09-14T13:22:08.471939+00:00Z,poc-tx
TX-002234,ACC_000837,ACC_000583,16610,USD,USD,2025-09-10T02:57:43.471969+00:00Z,poc-tx
TX-002235,ACC_000790,ACC_000641,124368,USD,IDR,2025-09-16T00:59:14.471998+00:00Z,poc-tx
TX-002236,ACC_000353,ACC_000288,126226,SGD,SGD,2025-09-11T12:23:42.472015+00:00Z,poc-tx
TX-002237,ACC_000744,ACC_000367,140521,USD,IDR,2025-09-10T01:15:10.472043+00:00Z,poc-tx
TX-002238,ACC_000600,ACC_000200,7852,SGD,SGD,2025-09-09T21:47:21.472066+00:00Z,poc-tx
TX-002239,ACC_000921,ACC_000203,77144,USD,USD,2025-09-09T22:12:28.472099+00:00Z,poc-tx
TX-002240,ACC_000141,ACC_000695,1292716,IDR,SGD,2025-09-14T21:19:57.472110+00:00Z,poc-tx
TX-002241,ACC_000409,ACC_000025,55771,USD,USD,2025-09-15T00:11:25.472128+00:00Z,poc-tx
TX-002242,ACC_000724,ACC_000124,143577,USD,USD,2025-09-10T10:19:05.472155+00:00Z,poc-tx
TX-002243,ACC_000289,ACC_000630,146542,USD,USD,2025-09-13T08:31:49.472170+00:00Z,poc-tx
TX-002244,ACC_000256,ACC_000731,2820201,IDR,SGD,2025-09-12T19:01:23.472184+00:00Z,poc-tx
TX-002245,ACC_000555,ACC_000373,4523,USD,USD,2025-09-13T15:04:54.472219+00:00Z,poc-tx
TX-002246,ACC_000967,ACC_000718,3999907,IDR,IDR,2025-09-13T18:31:22.472257+00:00Z,poc-tx
TX-002247,ACC_000333,ACC_000744,166234,IDR,IDR,2025-09-12T19:36:40.472274+00:00Z,poc-tx
TX-002248,ACC_000714,ACC_000760,2524229,IDR,IDR,2025-09-15T04:36:02.472302+00:00Z,poc-tx
TX-002249,ACC_000983,ACC_000054,19461,SGD,IDR,2025-09-10T08:25:09.472338+00:00Z,poc-tx
TX-002250,ACC_000905,ACC_000661,692,USD,USD,2025-09-15T06:57:56.472374+00:00Z,poc-tx
TX-002251,ACC_000914,ACC_000053,28909,USD,USD,2025-09-12T03:30:15.472409+00:00Z,poc-tx
TX-002252,ACC_000523,ACC_000966,137706,USD,SGD,2025-09-12T23:50:45.472434+00:00Z,poc-tx
TX-002253,ACC_000612,ACC_000671,20544,SGD,SGD,2025-09-14T13:49:13.472459+00:00Z,poc-tx
TX-002254,ACC_000321,ACC_000046,4752577,IDR,IDR,2025-09-16T03:47:22.472476+00:00Z,poc-tx
TX-002255,ACC_000128,ACC_000108,2534837,IDR,IDR,2025-09-12T11:00:09.472486+00:00Z,poc-tx
TX-002256,ACC_000168,ACC_000405,21040,SGD,SGD,2025-09-14T21:17:24.472498+00:00Z,poc-tx
TX-002257,ACC_000502,ACC_000042,1914968,IDR,IDR,2025-09-15T02:07:37.472520+00:00Z,poc-tx
TX-002258,ACC_000133,ACC_000383,115138,SGD,SGD,2025-09-10T13:40:07.472531+00:00Z,poc-tx
TX-002259,ACC_000910,ACC_000416,275249,IDR,SGD,2025-09-11T01:30:07.472565+00:00Z,poc-tx
TX-002260,ACC_000113,ACC_000546,155778,USD,IDR,2025-09-15T02:54:13.472576+00:00Z,poc-tx
TX-002261,ACC_000012,ACC_000051,4754768,IDR,IDR,2025-09-12T06:58:35.472583+00:00Z,poc-tx
TX-002262,ACC_000151,ACC_000351,129479,SGD,USD,2025-09-13T23:20:53.472595+00:00Z,poc-tx
TX-002263,ACC_000374,ACC_000685,154206,USD,IDR,2025-09-09T19:30:16.472613+00:00Z,poc-tx
TX-002264,ACC_000522,ACC_000659,41663,SGD,USD,2025-09-12T16:45:47.472636+00:00Z,poc-tx
TX-002265,ACC_000505,ACC_000394,84672,SGD,IDR,2025-09-11T03:57:28.472659+00:00Z,poc-tx
TX-002266,ACC_000518,ACC_000678,90849,USD,USD,2025-09-14T15:43:51.472681+00:00Z,poc-tx
TX-002267,ACC_000396,ACC_000717,12584,SGD,USD,2025-09-15T13:44:54.472700+00:00Z,poc-tx
TX-002268,ACC_000421,ACC_000711,58444,SGD,SGD,2025-09-11T18:24:50.472719+00:00Z,poc-tx
TX-002269,ACC_000687,ACC_000643,65376,SGD,SGD,2025-09-13T19:51:47.472747+00:00Z,poc-tx
TX-002270,ACC_000683,ACC_000724,119358,USD,IDR,2025-09-11T04:41:05.472774+00:00Z,poc-tx
TX-002271,ACC_000516,ACC_000842,3884743,IDR,IDR,2025-09-11T21:34:10.472796+00:00Z,poc-tx
TX-002272,ACC_000557,ACC_000715,1883843,IDR,SGD,2025-09-12T20:38:34.472820+00:00Z,poc-tx
TX-002273,ACC_000519,ACC_000864,59149,SGD,SGD,2025-09-14T07:47:34.472842+00:00Z,poc-tx
TX-002274,ACC_000959,ACC_000437,66013,SGD,SGD,2025-09-12T14:36:22.472878+00:00Z,poc-tx
TX-002275,ACC_000304,ACC_000709,58728,USD,USD,2025-09-14T10:29:21.472894+00:00Z,poc-tx
TX-002276,ACC_000307,ACC_000032,117836,SGD,IDR,2025-09-11T12:34:04.472910+00:00Z,poc-tx
TX-002277,ACC_000549,ACC_000202,175288,USD,IDR,2025-09-14T09:05:52.472934+00:00Z,poc-tx
TX-002278,ACC_000118,ACC_000686,2363665,IDR,SGD,2025-09-13T15:44:12.472944+00:00Z,poc-tx
TX-002279,ACC_000819,ACC_000531,28617,SGD,SGD,2025-09-11T01:40:30.472976+00:00Z,poc-tx
TX-002280,ACC_000051,ACC_000950,59836,USD,USD,2025-09-16T10:23:38.472984+00:00Z,poc-tx
TX-002281,ACC_000174,ACC_000497,135881,SGD,USD,2025-09-14T10:23:36.472996+00:00Z,poc-tx
TX-002282,ACC_000257,ACC_000230,79465,IDR,IDR,2025-09-12T12:11:19.473011+00:00Z,poc-tx
TX-002283,ACC_000542,ACC_000607,5959,USD,USD,2025-09-10T18:05:46.473034+00:00Z,poc-tx
TX-002284,ACC_000625,ACC_000861,39198,SGD,SGD,2025-09-14T17:14:45.473059+00:00Z,poc-tx
TX-002285,ACC_000395,ACC_000956,19407,USD,SGD,2025-09-13T13:36:34.473078+00:00Z,poc-tx
TX-002286,ACC_000389,ACC_000665,4979433,IDR,IDR,2025-09-12T19:30:45.473097+00:00Z,poc-tx
TX-002287,ACC_000641,ACC_000916,705074,IDR,IDR,2025-09-10T00:09:49.473122+00:00Z,poc-tx
TX-002288,ACC_000334,ACC_000701,130281,SGD,IDR,2025-09-16T10:47:39.473140+00:00Z,poc-tx
TX-002289,ACC_000213,ACC_000714,185951,USD,USD,2025-09-16T05:24:01.473153+00:00Z,poc-tx
TX-002290,ACC_000113,ACC_000233,148489,USD,IDR,2025-09-11T17:03:51.473163+00:00Z,poc-tx
TX-002291,ACC_000525,ACC_000347,2870022,IDR,IDR,2025-09-11T15:05:05.473186+00:00Z,poc-tx
TX-002292,ACC_000330,ACC_000647,111038,SGD,SGD,2025-09-10T18:09:29.473203+00:00Z,poc-tx
TX-002293,ACC_000946,ACC_000502,105699,IDR,USD,2025-09-10T11:05:18.473238+00:00Z,poc-tx
TX-002294,ACC_000116,ACC_000887,4868019,IDR,IDR,2025-09-13T23:06:54.473248+00:00Z,poc-tx
TX-002295,ACC_000620,ACC_000022,56721,SGD,USD,2025-09-15T01:05:49.473274+00:00Z,poc-tx
TX-002296,ACC_000386,ACC_000512,157164,IDR,IDR,2025-09-15T12:48:54.473292+00:00Z,poc-tx
TX-002297,ACC_000309,ACC_000580,140701,SGD,SGD,2025-09-15T20:55:36.473309+00:00Z,poc-tx
TX-002298,ACC_000816,ACC_000479,981147,IDR,IDR,2025-09-16T12:33:59.473340+00:00Z,poc-tx
TX-002299,ACC_000103,ACC_000021,100452,SGD,SGD,2025-09-12T06:45:19.473350+00:00Z,poc-tx
TX-002300,ACC_000693,ACC_000014,121374,SGD,SGD,2025-09-09T21:41:31.473377+00:00Z,poc-tx
TX-002301,ACC_000955,ACC_000347,329479,IDR,IDR,2025-09-11T07:35:02.473420+00:00Z,poc-tx
TX-002302,ACC_000705,ACC_000002,39474,USD,SGD,2025-09-14T17:50:59.473449+00:00Z,poc-tx
TX-002303,ACC_000850,ACC_000636,74862,USD,USD,2025-09-14T05:11:18.473481+00:00Z,poc-tx
TX-002304,ACC_000803,ACC_000606,196567,USD,SGD,2025-09-15T10:38:16.473514+00:00Z,poc-tx
TX-002305,ACC_000701,ACC_000665,28649,USD,SGD,2025-09-13T05:46:18.473541+00:00Z,poc-tx
TX-002306,ACC_000179,ACC_000974,46178,USD,USD,2025-09-15T12:47:54.473553+00:00Z,poc-tx
TX-002307,ACC_000477,ACC_000353,14111,USD,USD,2025-09-11T07:05:16.473574+00:00Z,poc-tx
TX-002308,ACC_000203,ACC_000876,54534,SGD,SGD,2025-09-11T21:58:20.473587+00:00Z,poc-tx
TX-002309,ACC_000664,ACC_000623,180019,USD,SGD,2025-09-15T14:54:50.473613+00:00Z,poc-tx
TX-002310,ACC_000753,ACC_000953,9132,SGD,SGD,2025-09-09T21:42:32.473642+00:00Z,poc-tx
TX-002311,ACC_000568,ACC_000351,59000,SGD,IDR,2025-09-13T08:38:41.473665+00:00Z,poc-tx
TX-002312,ACC_000127,ACC_000768,56019,SGD,USD,2025-09-15T04:29:08.473676+00:00Z,poc-tx
TX-002313,ACC_000923,ACC_000438,129553,USD,USD,2025-09-13T23:43:42.473709+00:00Z,poc-tx
TX-002314,ACC_000462,ACC_000238,4801511,IDR,IDR,2025-09-15T21:13:18.473730+00:00Z,poc-tx
TX-002315,ACC_000738,ACC_000274,4608442,IDR,IDR,2025-09-10T22:09:37.473758+00:00Z,poc-tx
TX-002316,ACC_000991,ACC_000919,134548,USD,USD,2025-09-09T19:01:11.473793+00:00Z,poc-tx
TX-002317,ACC_000439,ACC_000022,2399511,IDR,USD,2025-09-09T16:07:24.473813+00:00Z,poc-tx
TX-002318,ACC_000775,ACC_000029,31292,USD,SGD,2025-09-13T21:04:15.473843+00:00Z,poc-tx
TX-002319,ACC_000967,ACC_000086,166356,IDR,IDR,2025-09-14T23:12:08.473877+00:00Z,poc-tx
TX-002320,ACC_000506,ACC_000475,19746,USD,IDR,2025-09-10T23:32:12.473899+00:00Z,poc-tx
TX-002321,ACC_000683,ACC_000527,180194,USD,USD,2025-09-10T13:33:11.473926+00:00Z,poc-tx
TX-002322,ACC_000744,ACC_000158,90841,USD,USD,2025-09-14T15:51:54.473954+00:00Z,poc-tx
TX-002323,ACC_000786,ACC_000398,9599,USD,USD,2025-09-14T01:18:02.473983+00:00Z,poc-tx
TX-002324,ACC_000081,ACC_000761,1083880,IDR,IDR,2025-09-13T02:20:39.473992+00:00Z,poc-tx
TX-002325,ACC_000526,ACC_000766,63245,SGD,IDR,2025-09-12T16:07:58.474015+00:00Z,poc-tx
TX-002326,ACC_000233,ACC_000633,17001,SGD,SGD,2025-09-13T23:35:24.474029+00:00Z,poc-tx
TX-002327,ACC_000985,ACC_000151,1027111,IDR,SGD,2025-09-14T17:52:19.474064+00:00Z,poc-tx
TX-002328,ACC_000073,ACC_000350,1775231,IDR,IDR,2025-09-14T15:23:54.474073+00:00Z,poc-tx
TX-002329,ACC_000219,ACC_000925,4692785,IDR,USD,2025-09-12T10:18:58.474087+00:00Z,poc-tx
TX-002330,ACC_000612,ACC_000725,144283,SGD,USD,2025-09-12T04:52:04.474111+00:00Z,poc-tx
TX-002331,ACC_000714,ACC_000096,4906125,IDR,IDR,2025-09-16T00:38:31.474139+00:00Z,poc-tx
TX-002332,ACC_000671,ACC_000496,157389,USD,SGD,2025-09-14T13:07:41.474165+00:00Z,poc-tx
TX-002333,ACC_000521,ACC_000966,109982,SGD,SGD,2025-09-15T04:21:17.474187+00:00Z,poc-tx
TX-002334,ACC_000572,ACC_000711,90904,IDR,IDR,2025-09-10T06:16:59.474223+00:00Z,poc-tx
TX-002335,ACC_000615,ACC_000573,6340,SGD,SGD,2025-09-15T22:31:40.474251+00:00Z,poc-tx
TX-002336,ACC_000226,ACC_000541,126108,USD,USD,2025-09-15T07:40:22.474265+00:00Z,poc-tx
TX-002337,ACC_000104,ACC_000763,4469725,IDR,USD,2025-09-13T17:25:54.474276+00:00Z,poc-tx
TX-002338,ACC_000409,ACC_000023,5915,USD,USD,2025-09-13T18:50:14.474295+00:00Z,poc-tx
TX-002339,ACC_000506,ACC_000283,80178,USD,USD,2025-09-15T16:01:52.474316+00:00Z,poc-tx
TX-002340,ACC_000173,ACC_000412,455,USD,USD,2025-09-14T22:20:25.474328+00:00Z,poc-tx
TX-002341,ACC_000811,ACC_000743,138796,SGD,SGD,2025-09-13T12:18:52.474358+00:00Z,poc-tx
TX-002342,ACC_000712,ACC_000294,90878,SGD,IDR,2025-09-16T12:14:11.474386+00:00Z,poc-tx
TX-002343,ACC_000655,ACC_000593,31354,USD,USD,2025-09-15T13:46:35.474412+00:00Z,poc-tx
TX-002344,ACC_000592,ACC_000782,2926589,IDR,IDR,2025-09-10T09:52:34.474435+00:00Z,poc-tx
TX-002345,ACC_000946,ACC_000836,1376931,IDR,IDR,2025-09-11T15:24:13.474469+00:00Z,poc-tx
TX-002346,ACC_000003,ACC_000006,86309,SGD,SGD,2025-09-15T13:15:24.474476+00:00Z,poc-tx
TX-002347,ACC_000902,ACC_000620,43215,USD,IDR,2025-09-14T14:29:17.474509+00:00Z,poc-tx
TX-002348,ACC_000062,ACC_000182,31643,SGD,SGD,2025-09-15T21:02:45.474517+00:00Z,poc-tx
TX-002349,ACC_000809,ACC_000317,2671571,IDR,SGD,2025-09-16T02:57:47.474548+00:00Z,poc-tx
TX-002350,ACC_000337,ACC_000331,1521639,IDR,USD,2025-09-13T03:54:34.474565+00:00Z,poc-tx
TX-002351,ACC_000225,ACC_000004,134796,SGD,SGD,2025-09-11T07:47:51.474578+00:00Z,poc-tx
TX-002352,ACC_000499,ACC_000029,20685,SGD,USD,2025-09-15T15:28:22.474600+00:00Z,poc-tx
TX-002353,ACC_000059,ACC_000486,4727807,IDR,IDR,2025-09-14T03:20:51.474608+00:00Z,poc-tx
TX-002354,ACC_000363,ACC_000779,1502862,IDR,IDR,2025-09-14T12:01:33.474625+00:00Z,poc-tx
TX-002355,ACC_000763,ACC_000253,100447,SGD,SGD,2025-09-10T17:22:14.474654+00:00Z,poc-tx
TX-002356,ACC_000357,ACC_000382,121471,USD,USD,2025-09-15T00:20:22.474671+00:00Z,poc-tx
TX-002357,ACC_000651,ACC_000563,118947,SGD,SGD,2025-09-12T18:33:38.474696+00:00Z,poc-tx
TX-002358,ACC_000188,ACC_000313,1381104,IDR,IDR,2025-09-10T06:33:24.474708+00:00Z,poc-tx
TX-002359,ACC_000343,ACC_000877,616593,IDR,IDR,2025-09-12T23:06:04.474725+00:00Z,poc-tx
TX-002360,ACC_000852,ACC_000416,3956751,IDR,IDR,2025-09-12T10:20:13.474756+00:00Z,poc-tx
TX-002361,ACC_000261,ACC_000751,1153624,IDR,IDR,2025-09-09T20:14:51.474770+00:00Z,poc-tx
TX-002362,ACC_000960,ACC_000582,125290,IDR,IDR,2025-09-11T08:49:18.474804+00:00Z,poc-tx
TX-002363,ACC_000122,ACC_000995,2374670,IDR,IDR,2025-09-14T19:28:52.474815+00:00Z,poc-tx
TX-002364,ACC_000306,ACC_000185,182648,USD,USD,2025-09-15T13:41:44.474830+00:00Z,poc-tx
TX-002365,ACC_000068,ACC_000846,4233224,IDR,IDR,2025-09-11T02:02:14.474839+00:00Z,poc-tx
TX-002366,ACC_000124,ACC_000431,4127826,IDR,IDR,2025-09-14T00:40:40.474849+00:00Z,poc-tx
TX-002367,ACC_000149,ACC_000793,16857,SGD,IDR,2025-09-13T03:35:32.474866+00:00Z,poc-tx
TX-002368,ACC_000388,ACC_000949,63385,USD,USD,2025-09-16T03:21:15.474884+00:00Z,poc-tx
TX-002369,ACC_000094,ACC_000969,97405,USD,USD,2025-09-12T12:42:48.474893+00:00Z,poc-tx
TX-002370,ACC_000364,ACC_000459,1412704,IDR,USD,2025-09-16T06:20:56.474911+00:00Z,poc-tx
TX-002371,ACC_000150,ACC_000785,106711,SGD,SGD,2025-09-11T01:06:16.474922+00:00Z,poc-tx
TX-002372,ACC_000670,ACC_000636,2874967,IDR,IDR,2025-09-10T07:51:38.474948+00:00Z,poc-tx
TX-002373,ACC_000131,ACC_000281,1302,SGD,IDR,2025-09-14T19:42:10.474959+00:00Z,poc-tx
TX-002374,ACC_000738,ACC_000546,1304315,IDR,IDR,2025-09-16T05:17:46.474994+00:00Z,poc-tx
TX-002375,ACC_000043,ACC_000620,12325,SGD,SGD,2025-09-10T08:54:31.475008+00:00Z,poc-tx
TX-002376,ACC_000821,ACC_000930,156935,USD,USD,2025-09-10T20:31:38.475039+00:00Z,poc-tx
TX-002377,ACC_000621,ACC_000708,58836,SGD,SGD,2025-09-14T20:16:55.475064+00:00Z,poc-tx
TX-002378,ACC_000421,ACC_000256,145596,SGD,USD,2025-09-14T01:55:45.475084+00:00Z,poc-tx
TX-002379,ACC_000162,ACC_000366,947809,IDR,IDR,2025-09-14T10:24:32.475096+00:00Z,poc-tx
TX-002380,ACC_000648,ACC_000477,134126,SGD,SGD,2025-09-12T18:24:36.475121+00:00Z,poc-tx
TX-002381,ACC_000014,ACC_000727,15246,SGD,SGD,2025-09-14T23:24:04.475128+00:00Z,poc-tx
TX-002382,ACC_000765,ACC_000620,137108,SGD,SGD,2025-09-14T16:42:36.475157+00:00Z,poc-tx
TX-002383,ACC_000628,ACC_000071,3380922,IDR,IDR,2025-09-11T10:19:10.475181+00:00Z,poc-tx
TX-002384,ACC_000603,ACC_000226,115129,USD,SGD,2025-09-11T11:09:56.475206+00:00Z,poc-tx
TX-002385,ACC_000090,ACC_000472,1298288,IDR,SGD,2025-09-11T01:23:17.475216+00:00Z,poc-tx
TX-002386,ACC_000641,ACC_000732,328796,IDR,USD,2025-09-12T12:27:27.475241+00:00Z,poc-tx
TX-002387,ACC_000746,ACC_000725,99767,USD,IDR,2025-09-10T19:16:11.475269+00:00Z,poc-tx
TX-002388,ACC_000020,ACC_000273,41326,SGD,IDR,2025-09-14T02:02:29.475277+00:00Z,poc-tx
TX-002389,ACC_000905,ACC_000907,16168,USD,SGD,2025-09-12T16:14:29.475310+00:00Z,poc-tx
TX-002390,ACC_000216,ACC_000777,73061,SGD,SGD,2025-09-14T05:27:43.475323+00:00Z,poc-tx
TX-002391,ACC_000696,ACC_000115,149817,SGD,SGD,2025-09-10T09:37:10.475349+00:00Z,poc-tx
TX-002392,ACC_000108,ACC_000735,37954,SGD,IDR,2025-09-15T06:46:44.475360+00:00Z,poc-tx
TX-002393,ACC_000812,ACC_000883,3693343,IDR,USD,2025-09-14T08:22:24.475399+00:00Z,poc-tx
TX-002394,ACC_000471,ACC_000156,4257372,IDR,IDR,2025-09-11T00:28:18.475420+00:00Z,poc-tx
TX-002395,ACC_000229,ACC_000997,2514394,IDR,IDR,2025-09-14T05:18:51.475433+00:00Z,poc-tx
TX-002396,ACC_000661,ACC_000108,2831702,IDR,IDR,2025-09-15T13:05:46.475461+00:00Z,poc-tx
TX-002397,ACC_000997,ACC_000845,148453,SGD,SGD,2025-09-10T22:31:07.475497+00:00Z,poc-tx
TX-002398,ACC_000911,ACC_000749,75312,USD,USD,2025-09-15T05:21:26.475531+00:00Z,poc-tx
TX-002399,ACC_000339,ACC_000480,55377,USD,SGD,2025-09-15T06:24:55.475548+00:00Z,poc-tx
TX-002400,ACC_000383,ACC_000466,18098,SGD,SGD,2025-09-13T08:51:35.475566+00:00Z,poc-tx
TX-002401,ACC_000774,ACC_000156,958692,IDR,IDR,2025-09-13T04:46:54.475595+00:00Z,poc-tx
TX-002402,ACC_000141,ACC_000717,345816,IDR,IDR,2025-09-11T05:22:56.475606+00:00Z,poc-tx
TX-002403,ACC_000540,ACC_000515,18853,SGD,SGD,2025-09-14T16:01:02.475629+00:00Z,poc-tx
TX-002404,ACC_000255,ACC_000691,1188844,IDR,IDR,2025-09-13T04:05:45.475643+00:00Z,poc-tx
TX-002405,ACC_000744,ACC_000184,44634,USD,USD,2025-09-14T15:28:17.475672+00:00Z,poc-tx
TX-002406,ACC_000728,ACC_000571,2699243,IDR,IDR,2025-09-10T11:54:01.475700+00:00Z,poc-tx
TX-002407,ACC_000224,ACC_000169,137973,SGD,SGD,2025-09-11T19:51:36.475713+00:00Z,poc-tx
TX-002408,ACC_000053,ACC_000626,141630,USD,USD,2025-09-13T14:06:32.475722+00:00Z,poc-tx
TX-002409,ACC_000890,ACC_000796,2496538,IDR,IDR,2025-09-09T21:36:55.475755+00:00Z,poc-tx
TX-002410,ACC_000383,ACC_000635,90989,SGD,SGD,2025-09-12T20:50:39.475773+00:00Z,poc-tx
TX-002411,ACC_000267,ACC_000245,103132,USD,USD,2025-09-15T07:52:23.475787+00:00Z,poc-tx
TX-002412,ACC_000611,ACC_000263,123713,USD,USD,2025-09-12T02:27:48.475812+00:00Z,poc-tx
TX-002413,ACC_000076,ACC_000450,164134,IDR,IDR,2025-09-15T05:15:30.475821+00:00Z,poc-tx
TX-002414,ACC_000502,ACC_000077,1451683,IDR,IDR,2025-09-10T10:30:50.475842+00:00Z,poc-tx
TX-002415,ACC_000600,ACC_000269,109752,SGD,SGD,2025-09-15T21:07:36.475866+00:00Z,poc-tx
TX-002416,ACC_000382,ACC_000256,4204868,IDR,IDR,2025-09-15T00:06:14.475884+00:00Z,poc-tx
TX-002417,ACC_000946,ACC_000245,118347,IDR,IDR,2025-09-11T11:28:19.475918+00:00Z,poc-tx
TX-002418,ACC_000569,ACC_000167,89115,USD,IDR,2025-09-16T07:25:03.475953+00:00Z,poc-tx
TX-002419,ACC_000391,ACC_000515,114045,USD,SGD,2025-09-13T11:57:02.475978+00:00Z,poc-tx
TX-002420,ACC_000424,ACC_000374,49346,SGD,USD,2025-09-10T15:55:45.475999+00:00Z,poc-tx
TX-002421,ACC_000901,ACC_000150,3077271,IDR,IDR,2025-09-11T21:56:01.476033+00:00Z,poc-tx
TX-002422,ACC_000735,ACC_000403,56266,USD,USD,2025-09-13T02:54:32.476062+00:00Z,poc-tx
TX-002423,ACC_000220,ACC_000612,3447487,IDR,SGD,2025-09-13T21:36:15.476076+00:00Z,poc-tx
TX-002424,ACC_000005,ACC_000753,1023,USD,USD,2025-09-16T12:40:32.476083+00:00Z,poc-tx
TX-002425,ACC_000288,ACC_000407,8988,SGD,SGD,2025-09-12T03:30:44.476098+00:00Z,poc-tx
TX-002426,ACC_000698,ACC_000168,138505,SGD,SGD,2025-09-15T07:12:54.476126+00:00Z,poc-tx
TX-002427,ACC_000852,ACC_000952,2451503,IDR,SGD,2025-09-14T03:56:31.476158+00:00Z,poc-tx
TX-002428,ACC_000902,ACC_000903,32270,USD,USD,2025-09-11T17:51:20.476192+00:00Z,poc-tx
TX-002429,ACC_000275,ACC_000727,3621662,IDR,IDR,2025-09-09T16:46:16.476207+00:00Z,poc-tx
TX-002430,ACC_000066,ACC_000635,145150,USD,USD,2025-09-11T01:37:31.476216+00:00Z,poc-tx
TX-002431,ACC_000757,ACC_000910,86523,USD,USD,2025-09-13T18:16:29.476245+00:00Z,poc-tx
TX-002432,ACC_000326,ACC_000304,3537709,IDR,USD,2025-09-16T06:08:01.476262+00:00Z,poc-tx
TX-002433,ACC_000886,ACC_000166,169874,USD,IDR,2025-09-13T07:38:09.476295+00:00Z,poc-tx
TX-002434,ACC_000751,ACC_000030,62926,USD,IDR,2025-09-10T01:18:31.476325+00:00Z,poc-tx
TX-002435,ACC_000106,ACC_000411,1010717,IDR,IDR,2025-09-13T21:58:09.476335+00:00Z,poc-tx
TX-002436,ACC_000238,ACC_000616,4513131,IDR,IDR,2025-09-16T12:19:18.476349+00:00Z,poc-tx
TX-002437,ACC_000860,ACC_000300,2611304,IDR,IDR,2025-09-12T15:50:06.476381+00:00Z,poc-tx
TX-002438,ACC_000418,ACC_000871,95103,USD,IDR,2025-09-15T23:07:36.476400+00:00Z,poc-tx
TX-002439,ACC_000220,ACC_000416,4047719,IDR,IDR,2025-09-13T20:38:30.476413+00:00Z,poc-tx
TX-002440,ACC_000154,ACC_000517,4083002,IDR,IDR,2025-09-10T13:17:22.476425+00:00Z,poc-tx
TX-002441,ACC_000350,ACC_000903,70294,SGD,SGD,2025-09-09T22:19:09.476442+00:00Z,poc-tx
TX-002442,ACC_000836,ACC_000483,98957,SGD,SGD,2025-09-11T14:40:57.476474+00:00Z,poc-tx
TX-002443,ACC_000273,ACC_000256,2999565,IDR,IDR,2025-09-10T12:08:31.476488+00:00Z,poc-tx
TX-002444,ACC_000944,ACC_000727,110133,SGD,IDR,2025-09-14T20:49:47.476523+00:00Z,poc-tx
TX-002445,ACC_000345,ACC_000312,188308,USD,USD,2025-09-15T10:33:40.476540+00:00Z,poc-tx
TX-002446,ACC_000783,ACC_000843,190738,USD,USD,2025-09-15T02:12:12.476570+00:00Z,poc-tx
TX-002447,ACC_000426,ACC_000539,90836,SGD,SGD,2025-09-12T11:54:21.476590+00:00Z,poc-tx
TX-002448,ACC_000583,ACC_000571,32758,SGD,IDR,2025-09-12T18:29:45.476614+00:00Z,poc-tx
TX-002449,ACC_000710,ACC_000599,196417,USD,USD,2025-09-16T00:31:54.476642+00:00Z,poc-tx
TX-002450,ACC_000334,ACC_000714,69778,SGD,SGD,2025-09-13T06:03:52.476659+00:00Z,poc-tx
TX-002451,ACC_000577,ACC_000623,3045446,IDR,IDR,2025-09-12T10:53:32.476683+00:00Z,poc-tx
TX-002452,ACC_000722,ACC_000123,607610,IDR,SGD,2025-09-16T09:51:49.476712+00:00Z,poc-tx
TX-002453,ACC_000081,ACC_000007,3681128,IDR,IDR,2025-09-10T21:42:21.476721+00:00Z,poc-tx
TX-002454,ACC_000834,ACC_000660,85701,SGD,SGD,2025-09-16T07:49:50.476753+00:00Z,poc-tx
TX-002455,ACC_000360,ACC_000913,1571803,IDR,IDR,2025-09-15T08:34:57.476770+00:00Z,poc-tx
TX-002456,ACC_000206,ACC_000506,25434,USD,USD,2025-09-11T23:21:05.476783+00:00Z,poc-tx
TX-002457,ACC_000845,ACC_000709,193701,USD,USD,2025-09-11T23:56:57.476815+00:00Z,poc-tx
TX-002458,ACC_000786,ACC_000982,143921,USD,USD,2025-09-10T08:36:17.476845+00:00Z,poc-tx
TX-002459,ACC_000073,ACC_000666,3843457,IDR,IDR,2025-09-16T11:37:58.476854+00:00Z,poc-tx
TX-002460,ACC_000196,ACC_000594,3704666,IDR,IDR,2025-09-15T05:11:09.476867+00:00Z,poc-tx
TX-002461,ACC_000794,ACC_000190,165356,USD,SGD,2025-09-10T12:32:31.476897+00:00Z,poc-tx
TX-002462,ACC_000047,ACC_000508,1508298,IDR,IDR,2025-09-10T12:52:24.476906+00:00Z,poc-tx
TX-002463,ACC_000430,ACC_000508,11564,USD,USD,2025-09-14T16:14:08.476925+00:00Z,poc-tx
TX-002464,ACC_000546,ACC_000416,3669427,IDR,IDR,2025-09-11T11:56:23.476948+00:00Z,poc-tx
TX-002465,ACC_000813,ACC_000031,3816571,IDR,USD,2025-09-10T04:32:36.476979+00:00Z,poc-tx
TX-002466,ACC_000369,ACC_000047,2681444,IDR,SGD,2025-09-14T19:57:00.476998+00:00Z,poc-tx
TX-002467,ACC_000872,ACC_000347,103010,SGD,SGD,2025-09-15T06:20:36.477030+00:00Z,poc-tx
TX-002468,ACC_000190,ACC_000901,4678774,IDR,IDR,2025-09-12T22:13:18.477043+00:00Z,poc-tx
TX-002469,ACC_000051,ACC_000860,111009,USD,USD,2025-09-11T01:14:06.477051+00:00Z,poc-tx
TX-002470,ACC_000750,ACC_000969,127760,USD,SGD,2025-09-13T00:25:26.477081+00:00Z,poc-tx
TX-002471,ACC_000905,ACC_000986,62240,USD,USD,2025-09-15T23:23:19.477114+00:00Z,poc-tx
TX-002472,ACC_000546,ACC_000539,1311824,IDR,IDR,2025-09-13T00:08:26.477137+00:00Z,poc-tx
TX-002473,ACC_000587,ACC_000084,3340199,IDR,IDR,2025-09-10T16:28:43.477161+00:00Z,poc-tx
TX-002474,ACC_000719,ACC_000196,95904,USD,IDR,2025-09-12T03:13:01.477190+00:00Z,poc-tx
TX-002475,ACC_000658,ACC_000546,1320139,IDR,IDR,2025-09-14T05:10:10.477216+00:00Z,poc-tx
TX-002476,ACC_000901,ACC_000147,279779,IDR,SGD,2025-09-16T01:32:39.477249+00:00Z,poc-tx
TX-002477,ACC_000798,ACC_000789,99852,SGD,SGD,2025-09-13T21:27:32.477280+00:00Z,poc-tx
TX-002478,ACC_000399,ACC_000345,148881,USD,USD,2025-09-10T14:26:40.477299+00:00Z,poc-tx
TX-002479,ACC_000346,ACC_000286,1354871,IDR,SGD,2025-09-14T06:27:16.477316+00:00Z,poc-tx
TX-002480,ACC_000178,ACC_000217,87511,USD,USD,2025-09-11T11:32:20.477328+00:00Z,poc-tx
TX-002481,ACC_000786,ACC_000717,38583,USD,USD,2025-09-12T22:10:12.477358+00:00Z,poc-tx
TX-002482,ACC_000455,ACC_000138,2163406,IDR,IDR,2025-09-13T21:09:29.477378+00:00Z,poc-tx
TX-002483,ACC_000162,ACC_000953,1683884,IDR,IDR,2025-09-09T13:39:49.477390+00:00Z,poc-tx
TX-002484,ACC_000720,ACC_000593,173923,USD,USD,2025-09-15T13:52:27.477426+00:00Z,poc-tx
TX-002485,ACC_000762,ACC_000821,5373,SGD,SGD,2025-09-10T08:45:43.477456+00:00Z,poc-tx
TX-002486,ACC_000537,ACC_000368,84008,SGD,USD,2025-09-14T20:32:49.477479+00:00Z,poc-tx
TX-002487,ACC_000443,ACC_000274,3322378,IDR,IDR,2025-09-16T08:40:58.477499+00:00Z,poc-tx
TX-002488,ACC_000946,ACC_000695,466950,IDR,IDR,2025-09-14T07:25:14.477534+00:00Z,poc-tx
TX-002489,ACC_000380,ACC_000911,27867,USD,USD,2025-09-11T09:00:32.477552+00:00Z,poc-tx
TX-002490,ACC_000209,ACC_000220,1025910,IDR,IDR,2025-09-12T09:59:44.477565+00:00Z,poc-tx
TX-002491,ACC_000552,ACC_000710,2955592,IDR,USD,2025-09-13T04:43:11.477589+00:00Z,poc-tx
TX-002492,ACC_000197,ACC_000043,139609,SGD,SGD,2025-09-13T12:57:56.477601+00:00Z,poc-tx
TX-002493,ACC_000656,ACC_000767,2084477,IDR,IDR,2025-09-12T22:35:41.477627+00:00Z,poc-tx
TX-002494,ACC_000505,ACC_000882,49977,SGD,SGD,2025-09-10T19:08:24.477649+00:00Z,poc-tx
TX-002495,ACC_000100,ACC_000813,23653,USD,SGD,2025-09-15T23:23:58.477659+00:00Z,poc-tx
TX-002496,ACC_000448,ACC_000611,3482058,IDR,IDR,2025-09-10T19:35:48.477680+00:00Z,poc-tx
TX-002497,ACC_000127,ACC_000229,75477,SGD,SGD,2025-09-14T15:49:46.477690+00:00Z,poc-tx
TX-002498,ACC_000675,ACC_000670,106261,USD,USD,2025-09-14T14:23:33.477717+00:00Z,poc-tx
TX-002499,ACC_000506,ACC_000711,53453,USD,USD,2025-09-16T03:46:45.477739+00:00Z,poc-tx
TX-002500,ACC_000861,ACC_000427,28827,SGD,SGD,2025-09-12T00:48:36.477771+00:00Z,poc-tx
TX-002501,ACC_000925,ACC_000728,447246,IDR,IDR,2025-09-15T00:33:47.477805+00:00Z,poc-tx
TX-002502,ACC_000887,ACC_000124,25606,USD,USD,2025-09-15T14:17:15.477838+00:00Z,poc-tx
TX-002503,ACC_000958,ACC_000254,66623,SGD,USD,2025-09-13T17:26:42.477874+00:00Z,poc-tx
TX-002504,ACC_000385,ACC_000741,672186,IDR,IDR,2025-09-09T22:17:49.477892+00:00Z,poc-tx
TX-002505,ACC_000853,ACC_000039,114625,SGD,SGD,2025-09-12T11:33:52.477924+00:00Z,poc-tx
TX-002506,ACC_000623,ACC_000901,78336,SGD,USD,2025-09-10T18:53:03.477960+00:00Z,poc-tx
TX-002507,ACC_000259,ACC_000636,1128469,IDR,IDR,2025-09-13T10:50:55.477981+00:00Z,poc-tx
TX-002508,ACC_000423,ACC_000455,68861,SGD,SGD,2025-09-11T02:08:56.478001+00:00Z,poc-tx
TX-002509,ACC_000207,ACC_000403,607620,IDR,IDR,2025-09-13T02:27:17.478014+00:00Z,poc-tx
TX-002510,ACC_000062,ACC_000970,58242,SGD,SGD,2025-09-12T07:25:31.478023+00:00Z,poc-tx
TX-002511,ACC_000435,ACC_000826,124954,USD,IDR,2025-09-10T08:24:06.478043+00:00Z,poc-tx
TX-002512,ACC_000857,ACC_000292,12088,SGD,IDR,2025-09-09T18:30:47.478076+00:00Z,poc-tx
TX-002513,ACC_000058,ACC_000153,29843,USD,USD,2025-09-13T21:31:50.478085+00:00Z,poc-tx
TX-002514,ACC_000577,ACC_000514,1496015,IDR,IDR,2025-09-10T18:26:46.478108+00:00Z,poc-tx
TX-002515,ACC_000481,ACC_000878,564054,IDR,IDR,2025-09-10T07:55:23.478129+00:00Z,poc-tx
TX-002516,ACC_000210,ACC_000648,2796653,IDR,USD,2025-09-12T08:53:34.478143+00:00Z,poc-tx
TX-002517,ACC_000912,ACC_000088,130796,USD,SGD,2025-09-16T03:10:01.478177+00:00Z,poc-tx
TX-002518,ACC_000994,ACC_000989,2420233,IDR,IDR,2025-09-16T07:38:01.478213+00:00Z,poc-tx
TX-002519,ACC_000265,ACC_000513,157825,USD,SGD,2025-09-10T00:01:49.478228+00:00Z,poc-tx
TX-002520,ACC_000101,ACC_000562,115027,SGD,SGD,2025-09-15T16:14:17.478238+00:00Z,poc-tx
TX-002521,ACC_000129,ACC_000992,49602,SGD,USD,2025-09-11T11:59:17.478249+00:00Z,poc-tx
TX-002522,ACC_000870,ACC_000912,96771,SGD,SGD,2025-09-13T15:42:48.478282+00:00Z,poc-tx
TX-002523,ACC_000183,ACC_000066,3526499,IDR,SGD,2025-09-13T04:39:39.478294+00:00Z,poc-tx
TX-002524,ACC_000375,ACC_000677,127977,SGD,SGD,2025-09-09T18:14:41.478312+00:00Z,poc-tx
TX-002525,ACC_000657,ACC_000784,43176,USD,USD,2025-09-12T18:42:39.478339+00:00Z,poc-tx
TX-002526,ACC_000420,ACC_000975,97628,USD,USD,2025-09-16T11:05:39.478358+00:00Z,poc-tx
TX-002527,ACC_000283,ACC_000761,161644,USD,IDR,2025-09-12T03:01:42.478374+00:00Z,poc-tx
TX-002528,ACC_000124,ACC_000430,1602675,IDR,SGD,2025-09-14T21:18:29.478385+00:00Z,poc-tx
TX-002529,ACC_000788,ACC_000088,169401,USD,USD,2025-09-15T05:25:32.478414+00:00Z,poc-tx
TX-002530,ACC_000696,ACC_000139,37650,SGD,IDR,2025-09-10T04:35:19.478442+00:00Z,poc-tx
TX-002531,ACC_000975,ACC_000676,67568,SGD,SGD,2025-09-09T23:58:49.478477+00:00Z,poc-tx
TX-002532,ACC_000891,ACC_000551,10091,USD,USD,2025-09-15T21:18:05.478510+00:00Z,poc-tx
TX-002533,ACC_000814,ACC_000476,3381,SGD,SGD,2025-09-09T17:18:35.478541+00:00Z,poc-tx
TX-002534,ACC_000959,ACC_000244,139212,SGD,SGD,2025-09-14T09:09:08.478577+00:00Z,poc-tx
TX-002535,ACC_000185,ACC_000540,3194417,IDR,IDR,2025-09-16T11:01:33.478590+00:00Z,poc-tx
TX-002536,ACC_000142,ACC_000121,4651312,IDR,SGD,2025-09-14T03:48:38.478602+00:00Z,poc-tx
TX-002537,ACC_000276,ACC_000703,131430,SGD,IDR,2025-09-10T23:33:09.478617+00:00Z,poc-tx
TX-002538,ACC_000728,ACC_000721,669566,IDR,USD,2025-09-14T13:25:18.478647+00:00Z,poc-tx
TX-002539,ACC_000340,ACC_000459,68017,SGD,IDR,2025-09-15T09:50:28.478664+00:00Z,poc-tx
TX-002540,ACC_000528,ACC_000364,46003,SGD,SGD,2025-09-11T00:22:20.478687+00:00Z,poc-tx
TX-002541,ACC_000713,ACC_000510,169360,IDR,IDR,2025-09-11T17:47:17.478716+00:00Z,poc-tx
TX-002542,ACC_000013,ACC_000906,180467,USD,USD,2025-09-13T00:11:03.478723+00:00Z,poc-tx
TX-002543,ACC_000593,ACC_000726,5756,SGD,IDR,2025-09-14T01:38:25.478748+00:00Z,poc-tx
TX-002544,ACC_000464,ACC_000854,116585,SGD,IDR,2025-09-12T00:04:25.478770+00:00Z,poc-tx
TX-002545,ACC_000486,ACC_000652,99703,SGD,IDR,2025-09-11T06:30:29.478792+00:00Z,poc-tx
TX-002546,ACC_000694,ACC_000220,42434,SGD,SGD,2025-09-14T00:06:46.478820+00:00Z,poc-tx
TX-002547,ACC_000691,ACC_000103,123475,USD,IDR,2025-09-13T23:48:02.478848+00:00Z,poc-tx
TX-002548,ACC_000191,ACC_000182,3756622,IDR,SGD,2025-09-10T01:24:46.478867+00:00Z,poc-tx
TX-002549,ACC_000037,ACC_000844,52928,SGD,USD,2025-09-11T08:14:19.478876+00:00Z,poc-tx
TX-002550,ACC_000449,ACC_000118,1908925,IDR,IDR,2025-09-11T15:03:48.478897+00:00Z,poc-tx
TX-002551,ACC_000216,ACC_000394,49039,SGD,SGD,2025-09-10T06:11:00.478910+00:00Z,poc-tx
TX-002552,ACC_000539,ACC_000681,12722,USD,USD,2025-09-10T13:36:08.478933+00:00Z,poc-tx
TX-002553,ACC_000795,ACC_000211,3392368,IDR,IDR,2025-09-15T23:03:45.478964+00:00Z,poc-tx
TX-002554,ACC_000284,ACC_000370,72171,USD,USD,2025-09-13T23:24:43.478980+00:00Z,poc-tx
TX-002555,ACC_000131,ACC_000757,59523,SGD,SGD,2025-09-15T19:48:28.478991+00:00Z,poc-tx
TX-002556,ACC_000368,ACC_000426,1815325,IDR,IDR,2025-09-11T03:56:37.479009+00:00Z,poc-tx
TX-002557,ACC_000152,ACC_000133,2411463,IDR,USD,2025-09-15T09:28:16.479021+00:00Z,poc-tx
TX-002558,ACC_000974,ACC_000276,3336902,IDR,IDR,2025-09-10T00:34:00.479057+00:00Z,poc-tx
TX-002559,ACC_000529,ACC_000257,14097,SGD,USD,2025-09-11T08:01:03.479081+00:00Z,poc-tx
TX-002560,ACC_000008,ACC_000296,152067,USD,USD,2025-09-16T01:16:38.479088+00:00Z,poc-tx
TX-002561,ACC_000640,ACC_000112,91483,IDR,IDR,2025-09-10T12:45:47.479115+00:00Z,poc-tx
TX-002562,ACC_000474,ACC_000176,2998560,IDR,USD,2025-09-10T09:41:42.479136+00:00Z,poc-tx
TX-002563,ACC_000468,ACC_000357,1513987,IDR,IDR,2025-09-13T17:06:41.479157+00:00Z,poc-tx
TX-002564,ACC_000816,ACC_000784,4488134,IDR,USD,2025-09-10T02:39:07.479189+00:00Z,poc-tx
TX-002565,ACC_000144,ACC_000846,161610,USD,SGD,2025-09-10T07:48:08.479201+00:00Z,poc-tx
TX-002566,ACC_000942,ACC_000064,49102,SGD,SGD,2025-09-11T15:04:21.479237+00:00Z,poc-tx
TX-002567,ACC_000639,ACC_000597,75005,USD,USD,2025-09-14T04:51:37.479263+00:00Z,poc-tx
TX-002568,ACC_000618,ACC_000990,1763730,IDR,IDR,2025-09-16T04:23:50.479288+00:00Z,poc-tx
TX-002569,ACC_000549,ACC_000613,59525,USD,USD,2025-09-10T21:39:17.479312+00:00Z,poc-tx
TX-002570,ACC_000174,ACC_000560,82310,SGD,SGD,2025-09-12T01:17:30.479324+00:00Z,poc-tx
TX-002571,ACC_000927,ACC_000094,98051,SGD,IDR,2025-09-13T17:47:07.479360+00:00Z,poc-tx
TX-002572,ACC_000613,ACC_000843,1054784,IDR,SGD,2025-09-12T08:00:38.479386+00:00Z,poc-tx
TX-002573,ACC_000173,ACC_000213,33931,USD,SGD,2025-09-12T23:31:01.479398+00:00Z,poc-tx
TX-002574,ACC_000421,ACC_000891,137690,SGD,SGD,2025-09-15T13:34:49.479417+00:00Z,poc-tx
TX-002575,ACC_000060,ACC_000996,89252,SGD,IDR,2025-09-10T22:11:51.479426+00:00Z,poc-tx
TX-002576,ACC_000754,ACC_000583,27794,SGD,IDR,2025-09-13T13:07:00.479466+00:00Z,poc-tx
TX-002577,ACC_000808,ACC_000283,29283,USD,USD,2025-09-14T13:51:03.479497+00:00Z,poc-tx
TX-002578,ACC_000424,ACC_000708,56441,SGD,USD,2025-09-15T03:22:41.479517+00:00Z,poc-tx
TX-002579,ACC_000631,ACC_000358,107547,SGD,SGD,2025-09-12T04:48:09.479542+00:00Z,poc-tx
TX-002580,ACC_000709,ACC_000774,1154,SGD,SGD,2025-09-12T07:08:01.479570+00:00Z,poc-tx
TX-002581,ACC_000414,ACC_000392,2489807,IDR,IDR,2025-09-09T13:08:03.479589+00:00Z,poc-tx
TX-002582,ACC_000747,ACC_000638,144284,SGD,SGD,2025-09-15T18:08:24.479618+00:00Z,poc-tx
TX-002583,ACC_000491,ACC_000960,131423,USD,SGD,2025-09-12T10:10:30.479640+00:00Z,poc-tx
TX-002584,ACC_000479,ACC_000993,2273046,IDR,IDR,2025-09-13T07:31:38.479661+00:00Z,poc-tx
TX-002585,ACC_000596,ACC_000099,296709,IDR,IDR,2025-09-14T23:01:56.479685+00:00Z,poc-tx
TX-002586,ACC_000377,ACC_000910,76162,USD,USD,2025-09-14T04:14:37.479703+00:00Z,poc-tx
TX-002587,ACC_000496,ACC_000032,61873,SGD,SGD,2025-09-09T16:12:10.479725+00:00Z,poc-tx
TX-002588,ACC_000736,ACC_000531,2836534,IDR,IDR,2025-09-14T17:01:19.479753+00:00Z,poc-tx
TX-002589,ACC_000925,ACC_000723,3513573,IDR,IDR,2025-09-15T04:55:33.479787+00:00Z,poc-tx
TX-002590,ACC_000949,ACC_000964,110743,USD,USD,2025-09-13T22:16:23.479822+00:00Z,poc-tx
TX-002591,ACC_000211,ACC_000483,19327,USD,USD,2025-09-16T05:52:34.479835+00:00Z,poc-tx
TX-002592,ACC_000802,ACC_000944,400565,IDR,SGD,2025-09-12T05:53:46.479866+00:00Z,poc-tx
TX-002593,ACC_000091,ACC_000222,771608,IDR,USD,2025-09-16T01:13:29.479876+00:00Z,poc-tx
TX-002594,ACC_000095,ACC_000557,3156174,IDR,IDR,2025-09-11T10:26:35.479886+00:00Z,poc-tx
TX-002595,ACC_000252,ACC_000510,26894,SGD,SGD,2025-09-12T21:56:28.479900+00:00Z,poc-tx
TX-002596,ACC_000165,ACC_000049,80053,USD,USD,2025-09-16T01:56:22.479912+00:00Z,poc-tx
TX-002597,ACC_000183,ACC_000105,4587296,IDR,IDR,2025-09-12T21:26:50.479924+00:00Z,poc-tx
TX-002598,ACC_000845,ACC_000080,56970,USD,USD,2025-09-13T05:54:52.479965+00:00Z,poc-tx
TX-002599,ACC_000662,ACC_000467,61328,SGD,SGD,2025-09-10T05:13:54.479998+00:00Z,poc-tx
TX-002600,ACC_000551,ACC_000161,3021013,IDR,IDR,2025-09-14T22:15:35.480022+00:00Z,poc-tx
TX-002601,ACC_000202,ACC_000649,146415,SGD,SGD,2025-09-13T09:00:39.480036+00:00Z,poc-tx
TX-002602,ACC_000857,ACC_000553,108164,SGD,IDR,2025-09-15T04:01:49.480069+00:00Z,poc-tx
TX-002603,ACC_000384,ACC_000147,526983,IDR,USD,2025-09-12T21:46:14.480088+00:00Z,poc-tx
TX-002604,ACC_000476,ACC_000383,3982701,IDR,USD,2025-09-15T12:02:47.480110+00:00Z,poc-tx
TX-002605,ACC_000965,ACC_000483,49178,USD,USD,2025-09-13T15:18:22.480145+00:00Z,poc-tx
TX-002606,ACC_000755,ACC_000405,73267,SGD,IDR,2025-09-10T07:12:53.480175+00:00Z,poc-tx
TX-002607,ACC_000828,ACC_000215,92412,SGD,IDR,2025-09-10T02:37:55.480207+00:00Z,poc-tx
TX-002608,ACC_000362,ACC_000392,30984,USD,SGD,2025-09-12T01:57:12.480225+00:00Z,poc-tx
TX-002609,ACC_000253,ACC_000837,3435705,IDR,SGD,2025-09-12T01:35:04.480240+00:00Z,poc-tx
TX-002610,ACC_000322,ACC_000401,1736932,IDR,IDR,2025-09-14T09:09:38.480256+00:00Z,poc-tx
TX-002611,ACC_000195,ACC_000207,116104,USD,USD,2025-09-14T20:36:59.480269+00:00Z,poc-tx
TX-002612,ACC_000328,ACC_000111,3826387,IDR,IDR,2025-09-15T01:10:48.480286+00:00Z,poc-tx
TX-002613,ACC_000888,ACC_000234,2110300,IDR,USD,2025-09-13T19:08:23.480319+00:00Z,poc-tx
TX-002614,ACC_000106,ACC_000736,2991924,IDR,USD,2025-09-10T04:00:08.480330+00:00Z,poc-tx
TX-002615,ACC_000351,ACC_000036,122398,SGD,SGD,2025-09-14T04:43:34.480347+00:00Z,poc-tx
TX-002616,ACC_000917,ACC_000337,75009,SGD,SGD,2025-09-15T23:42:19.480381+00:00Z,poc-tx
TX-002617,ACC_000882,ACC_000401,1814257,IDR,IDR,2025-09-12T15:54:55.480414+00:00Z,poc-tx
TX-002618,ACC_000162,ACC_000882,4203598,IDR,IDR,2025-09-09T20:47:42.480426+00:00Z,poc-tx
TX-002619,ACC_000751,ACC_000394,173603,USD,USD,2025-09-16T01:37:42.480457+00:00Z,poc-tx
TX-002620,ACC_000016,ACC_000518,115666,SGD,SGD,2025-09-15T17:10:27.480464+00:00Z,poc-tx
TX-002621,ACC_000199,ACC_000756,87892,SGD,SGD,2025-09-15T13:44:50.480477+00:00Z,poc-tx
TX-002622,ACC_000097,ACC_000864,17025,SGD,SGD,2025-09-10T01:02:09.480487+00:00Z,poc-tx
TX-002623,ACC_000903,ACC_000711,96307,SGD,SGD,2025-09-10T22:41:51.480522+00:00Z,poc-tx
TX-002624,ACC_000621,ACC_000558,55153,SGD,USD,2025-09-10T10:49:53.480548+00:00Z,poc-tx
TX-002625,ACC_000144,ACC_000504,152227,USD,USD,2025-09-10T04:26:28.480559+00:00Z,poc-tx
TX-002626,ACC_000394,ACC_000364,134438,USD,IDR,2025-09-09T21:23:11.480579+00:00Z,poc-tx
TX-002627,ACC_000365,ACC_000537,152231,USD,SGD,2025-09-12T16:23:01.480598+00:00Z,poc-tx
TX-002628,ACC_000817,ACC_000341,137083,SGD,USD,2025-09-15T09:21:37.480630+00:00Z,poc-tx
TX-002629,ACC_000442,ACC_000813,8960,USD,USD,2025-09-13T15:47:29.480650+00:00Z,poc-tx
TX-002630,ACC_000213,ACC_000355,117499,USD,USD,2025-09-12T14:37:34.480664+00:00Z,poc-tx
TX-002631,ACC_000466,ACC_000944,69283,USD,USD,2025-09-14T22:20:10.480685+00:00Z,poc-tx
TX-002632,ACC_000891,ACC_000910,144045,USD,IDR,2025-09-12T07:11:28.480719+00:00Z,poc-tx
TX-002633,ACC_000844,ACC_000208,128492,USD,USD,2025-09-10T06:36:45.480752+00:00Z,poc-tx
TX-002634,ACC_000318,ACC_000535,107118,SGD,SGD,2025-09-14T18:33:00.480768+00:00Z,poc-tx
TX-002635,ACC_000689,ACC_000267,3496277,IDR,USD,2025-09-14T22:40:58.480797+00:00Z,poc-tx
TX-002636,ACC_000017,ACC_000676,166474,USD,USD,2025-09-16T01:29:33.480804+00:00Z,poc-tx
TX-002637,ACC_000090,ACC_000766,2123582,IDR,IDR,2025-09-13T20:15:15.480814+00:00Z,poc-tx
TX-002638,ACC_000595,ACC_000102,6280,SGD,SGD,2025-09-10T19:12:15.480839+00:00Z,poc-tx
TX-002639,ACC_000357,ACC_000718,192331,USD,USD,2025-09-13T03:56:22.480857+00:00Z,poc-tx
TX-002640,ACC_000295,ACC_000636,905338,IDR,IDR,2025-09-09T12:56:08.480873+00:00Z,poc-tx
TX-002641,ACC_000822,ACC_000201,99853,SGD,SGD,2025-09-10T11:21:45.480905+00:00Z,poc-tx
TX-002642,ACC_000846,ACC_000317,38286,USD,USD,2025-09-09T20:51:51.480937+00:00Z,poc-tx
TX-002643,ACC_000620,ACC_000251,104671,SGD,SGD,2025-09-12T18:24:36.480963+00:00Z,poc-tx
TX-002644,ACC_000588,ACC_000782,83922,USD,IDR,2025-09-12T21:57:08.480988+00:00Z,poc-tx
TX-002645,ACC_000278,ACC_000038,40401,USD,USD,2025-09-10T22:35:57.481003+00:00Z,poc-tx
TX-002646,ACC_000142,ACC_000080,2189551,IDR,USD,2025-09-15T02:38:26.481015+00:00Z,poc-tx
TX-002647,ACC_000756,ACC_000381,146991,USD,USD,2025-09-14T13:33:41.481045+00:00Z,poc-tx
TX-002648,ACC_000186,ACC_000278,36914,SGD,SGD,2025-09-14T13:43:15.481058+00:00Z,poc-tx
TX-002649,ACC_000376,ACC_000832,2233298,IDR,IDR,2025-09-11T11:12:26.481076+00:00Z,poc-tx
TX-002650,ACC_000616,ACC_000621,4442240,IDR,IDR,2025-09-12T01:51:38.481102+00:00Z,poc-tx
TX-002651,ACC_000687,ACC_000299,32539,SGD,USD,2025-09-10T07:00:20.481141+00:00Z,poc-tx
TX-002652,ACC_000111,ACC_000378,10475,SGD,SGD,2025-09-13T18:31:41.481156+00:00Z,poc-tx
TX-002653,ACC_000032,ACC_000040,4630348,IDR,IDR,2025-09-12T11:56:59.481164+00:00Z,poc-tx
TX-002654,ACC_000566,ACC_000645,3016094,IDR,IDR,2025-09-15T04:07:55.481189+00:00Z,poc-tx
TX-002655,ACC_000111,ACC_000877,118476,SGD,IDR,2025-09-12T21:42:59.481200+00:00Z,poc-tx
TX-002656,ACC_000775,ACC_000812,191752,USD,USD,2025-09-13T11:45:41.481231+00:00Z,poc-tx
TX-002657,ACC_000590,ACC_000679,140875,SGD,SGD,2025-09-11T20:06:53.481255+00:00Z,poc-tx
TX-002658,ACC_000127,ACC_000198,123702,SGD,IDR,2025-09-11T23:07:44.481267+00:00Z,poc-tx
TX-002659,ACC_000202,ACC_000577,29359,SGD,SGD,2025-09-10T08:43:07.481280+00:00Z,poc-tx
TX-002660,ACC_000472,ACC_000345,135296,USD,USD,2025-09-15T01:38:14.481301+00:00Z,poc-tx
TX-002661,ACC_000854,ACC_000843,126011,SGD,USD,2025-09-14T10:41:33.481334+00:00Z,poc-tx
TX-002662,ACC_000622,ACC_000302,3580178,IDR,IDR,2025-09-16T11:25:47.481360+00:00Z,poc-tx
TX-002663,ACC_000304,ACC_000767,28877,USD,USD,2025-09-14T20:53:52.481376+00:00Z,poc-tx
TX-002664,ACC_000983,ACC_000886,16927,SGD,SGD,2025-09-10T13:00:29.481413+00:00Z,poc-tx
TX-002665,ACC_000362,ACC_000031,111338,USD,USD,2025-09-10T23:36:45.481431+00:00Z,poc-tx
TX-002666,ACC_000203,ACC_000250,66721,SGD,SGD,2025-09-12T07:04:24.481444+00:00Z,poc-tx
TX-002667,ACC_000312,ACC_000632,3518202,IDR,IDR,2025-09-11T12:28:34.481461+00:00Z,poc-tx
TX-002668,ACC_000185,ACC_000978,2230582,IDR,IDR,2025-09-11T01:30:54.481482+00:00Z,poc-tx
TX-002669,ACC_000683,ACC_000476,196328,USD,USD,2025-09-14T11:56:25.481510+00:00Z,poc-tx
TX-002670,ACC_000074,ACC_000654,90621,USD,SGD,2025-09-14T01:32:02.481520+00:00Z,poc-tx
TX-002671,ACC_000210,ACC_000724,1929879,IDR,IDR,2025-09-11T07:04:04.481534+00:00Z,poc-tx
TX-002672,ACC_000701,ACC_000540,34036,USD,USD,2025-09-15T21:01:20.481562+00:00Z,poc-tx
TX-002673,ACC_000063,ACC_000296,4028346,IDR,IDR,2025-09-12T01:21:23.481571+00:00Z,poc-tx
TX-002674,ACC_000366,ACC_000843,49256,SGD,USD,2025-09-10T20:19:41.481590+00:00Z,poc-tx
TX-002675,ACC_000970,ACC_000696,3621526,IDR,IDR,2025-09-11T04:48:32.481626+00:00Z,poc-tx
TX-002676,ACC_000238,ACC_000225,4672516,IDR,IDR,2025-09-12T10:06:15.481640+00:00Z,poc-tx
TX-002677,ACC_000055,ACC_000192,859930,IDR,IDR,2025-09-10T15:47:17.481649+00:00Z,poc-tx
TX-002678,ACC_000138,ACC_000090,78363,SGD,SGD,2025-09-10T04:46:07.481660+00:00Z,poc-tx
TX-002679,ACC_000134,ACC_000226,2240842,IDR,IDR,2025-09-14T16:37:11.481671+00:00Z,poc-tx
TX-002680,ACC_000263,ACC_000136,1023107,IDR,IDR,2025-09-12T23:29:59.481686+00:00Z,poc-tx
TX-002681,ACC_000264,ACC_000757,4539986,IDR,USD,2025-09-15T01:42:48.481702+00:00Z,poc-tx
TX-002682,ACC_000179,ACC_000149,6244,USD,IDR,2025-09-12T10:20:30.481715+00:00Z,poc-tx
TX-002683,ACC_000220,ACC_000686,68668,IDR,IDR,2025-09-10T20:11:08.481728+00:00Z,poc-tx
TX-002684,ACC_000999,ACC_000157,779119,IDR,IDR,2025-09-09T21:38:25.481765+00:00Z,poc-tx
TX-002685,ACC_000656,ACC_000281,1325850,IDR,IDR,2025-09-15T19:19:41.481792+00:00Z,poc-tx
TX-002686,ACC_000932,ACC_000348,99364,SGD,SGD,2025-09-11T02:24:07.481827+00:00Z,poc-tx
TX-002687,ACC_000892,ACC_000289,2717337,IDR,IDR,2025-09-15T20:36:03.481861+00:00Z,poc-tx
TX-002688,ACC_000367,ACC_000346,4573885,IDR,IDR,2025-09-16T09:22:50.481879+00:00Z,poc-tx
TX-002689,ACC_000047,ACC_000367,939900,IDR,IDR,2025-09-12T13:01:15.481888+00:00Z,poc-tx
TX-002690,ACC_000784,ACC_000158,46021,SGD,IDR,2025-09-13T17:56:33.481919+00:00Z,poc-tx
TX-002691,ACC_000054,ACC_000974,2869595,IDR,IDR,2025-09-14T13:45:47.481927+00:00Z,poc-tx
TX-002692,ACC_000815,ACC_000204,4860578,IDR,IDR,2025-09-14T19:59:47.481968+00:00Z,poc-tx
TX-002693,ACC_000912,ACC_000090,181425,USD,USD,2025-09-14T12:04:58.482010+00:00Z,poc-tx
TX-002694,ACC_000531,ACC_000892,36588,SGD,USD,2025-09-15T22:41:15.482035+00:00Z,poc-tx
TX-002695,ACC_000087,ACC_000518,584109,IDR,IDR,2025-09-11T23:37:10.482045+00:00Z,poc-tx
TX-002696,ACC_000176,ACC_000406,70284,USD,USD,2025-09-11T20:16:30.482057+00:00Z,poc-tx
TX-002697,ACC_000056,ACC_000601,91601,USD,USD,2025-09-11T04:22:27.482066+00:00Z,poc-tx
TX-002698,ACC_000130,ACC_000667,366508,IDR,IDR,2025-09-09T19:27:47.482077+00:00Z,poc-tx
TX-002699,ACC_000994,ACC_000310,4210338,IDR,IDR,2025-09-12T19:25:19.482114+00:00Z,poc-tx
TX-002700,ACC_000056,ACC_000187,97668,USD,IDR,2025-09-14T03:30:57.482123+00:00Z,poc-tx
TX-002701,ACC_000010,ACC_000701,167009,USD,IDR,2025-09-13T18:09:37.482131+00:00Z,poc-tx
TX-002702,ACC_000526,ACC_000681,128805,SGD,SGD,2025-09-12T01:25:02.482154+00:00Z,poc-tx
TX-002703,ACC_000906,ACC_000377,130183,USD,USD,2025-09-15T13:41:18.482189+00:00Z,poc-tx
TX-002704,ACC_000356,ACC_000976,96333,SGD,IDR,2025-09-13T16:13:51.482207+00:00Z,poc-tx
TX-002705,ACC_000467,ACC_000972,33469,SGD,SGD,2025-09-10T00:51:35.482228+00:00Z,poc-tx
TX-002706,ACC_000347,ACC_000462,131108,USD,USD,2025-09-11T11:39:10.482246+00:00Z,poc-tx
TX-002707,ACC_000004,ACC_000788,28381,SGD,SGD,2025-09-11T23:09:44.482253+00:00Z,poc-tx
TX-002708,ACC_000881,ACC_000799,1009608,IDR,IDR,2025-09-09T16:29:57.482286+00:00Z,poc-tx
TX-002709,ACC_000643,ACC_000607,117581,SGD,SGD,2025-09-11T05:12:57.482313+00:00Z,poc-tx
TX-002710,ACC_000655,ACC_000880,44202,USD,USD,2025-09-15T07:21:54.482339+00:00Z,poc-tx
TX-002711,ACC_000901,ACC_000469,4403647,IDR,USD,2025-09-15T08:02:49.482374+00:00Z,poc-tx
TX-002712,ACC_000017,ACC_000329,27151,USD,USD,2025-09-15T06:41:33.482381+00:00Z,poc-tx
TX-002713,ACC_000445,ACC_000984,189898,USD,IDR,2025-09-11T14:03:30.482402+00:00Z,poc-tx
TX-002714,ACC_000366,ACC_000136,119006,SGD,USD,2025-09-09T13:42:06.482421+00:00Z,poc-tx
TX-002715,ACC_000541,ACC_000742,3687242,IDR,IDR,2025-09-10T18:34:29.482444+00:00Z,poc-tx
TX-002716,ACC_000086,ACC_000199,17056,USD,SGD,2025-09-15T05:06:47.482454+00:00Z,poc-tx
TX-002717,ACC_000164,ACC_000615,118013,SGD,SGD,2025-09-11T23:20:12.482466+00:00Z,poc-tx
TX-002718,ACC_000778,ACC_000555,4981099,IDR,USD,2025-09-14T08:09:59.482497+00:00Z,poc-tx
TX-002719,ACC_000333,ACC_000869,2114452,IDR,IDR,2025-09-15T16:03:31.482515+00:00Z,poc-tx
TX-002720,ACC_000865,ACC_000212,14463,SGD,SGD,2025-09-10T05:45:09.482548+00:00Z,poc-tx
TX-002721,ACC_000277,ACC_000527,119838,SGD,SGD,2025-09-11T22:15:04.482563+00:00Z,poc-tx
TX-002722,ACC_000512,ACC_000860,11139,SGD,SGD,2025-09-16T04:04:39.482586+00:00Z,poc-tx
TX-002723,ACC_000892,ACC_000596,4758827,IDR,USD,2025-09-14T13:46:49.482620+00:00Z,poc-tx
TX-002724,ACC_000011,ACC_000970,4968763,IDR,SGD,2025-09-12T02:48:07.482628+00:00Z,poc-tx
TX-002725,ACC_000871,ACC_000494,57964,SGD,SGD,2025-09-12T00:53:42.482661+00:00Z,poc-tx
TX-002726,ACC_000441,ACC_000957,2835811,IDR,SGD,2025-09-15T12:27:28.482682+00:00Z,poc-tx
TX-002727,ACC_000924,ACC_000416,71761,USD,IDR,2025-09-14T16:57:28.482718+00:00Z,poc-tx
TX-002728,ACC_000808,ACC_000028,3468,USD,USD,2025-09-16T09:37:00.482749+00:00Z,poc-tx
TX-002729,ACC_000242,ACC_000821,2364817,IDR,SGD,2025-09-12T13:31:36.482764+00:00Z,poc-tx
TX-002730,ACC_000972,ACC_000550,2734360,IDR,IDR,2025-09-10T17:41:18.482801+00:00Z,poc-tx
TX-002731,ACC_000236,ACC_000226,2996983,IDR,IDR,2025-09-11T01:42:41.482815+00:00Z,poc-tx
TX-002732,ACC_000798,ACC_000702,10660,SGD,USD,2025-09-12T07:54:04.482848+00:00Z,poc-tx
TX-002733,ACC_000909,ACC_000534,2059180,IDR,USD,2025-09-10T19:15:12.482891+00:00Z,poc-tx
TX-002734,ACC_000292,ACC_000658,76953,SGD,SGD,2025-09-10T05:06:20.482907+00:00Z,poc-tx
TX-002735,ACC_000348,ACC_000554,3291921,IDR,USD,2025-09-12T02:27:47.482925+00:00Z,poc-tx
TX-002736,ACC_000488,ACC_000303,33445,SGD,USD,2025-09-10T20:35:50.482947+00:00Z,poc-tx
TX-002737,ACC_000715,ACC_000890,4577248,IDR,IDR,2025-09-13T11:30:47.482976+00:00Z,poc-tx
TX-002738,ACC_000773,ACC_000106,89071,SGD,USD,2025-09-15T05:08:28.483007+00:00Z,poc-tx
TX-002739,ACC_000082,ACC_000587,37368,USD,SGD,2025-09-15T04:01:20.483018+00:00Z,poc-tx
TX-002740,ACC_000099,ACC_000883,54688,SGD,IDR,2025-09-11T08:04:30.483028+00:00Z,poc-tx
TX-002741,ACC_000289,ACC_000513,149799,USD,USD,2025-09-16T03:03:37.483044+00:00Z,poc-tx
TX-002742,ACC_000387,ACC_000509,69887,SGD,SGD,2025-09-14T12:01:42.483063+00:00Z,poc-tx
TX-002743,ACC_000205,ACC_000576,102521,USD,USD,2025-09-15T13:13:16.483076+00:00Z,poc-tx
TX-002744,ACC_000526,ACC_000178,102760,SGD,SGD,2025-09-12T02:44:56.483099+00:00Z,poc-tx
TX-002745,ACC_000689,ACC_000296,146096,IDR,IDR,2025-09-15T15:11:32.483127+00:00Z,poc-tx
TX-002746,ACC_000760,ACC_000030,136148,SGD,USD,2025-09-16T08:49:47.483157+00:00Z,poc-tx
TX-002747,ACC_000103,ACC_000184,119792,SGD,SGD,2025-09-14T21:34:09.483167+00:00Z,poc-tx
TX-002748,ACC_000918,ACC_000264,1484891,IDR,IDR,2025-09-14T00:01:41.483202+00:00Z,poc-tx
TX-002749,ACC_000205,ACC_000061,89226,USD,USD,2025-09-09T14:15:18.483215+00:00Z,poc-tx
TX-002750,ACC_000814,ACC_000595,86424,SGD,SGD,2025-09-14T16:04:59.483247+00:00Z,poc-tx
TX-002751,ACC_000814,ACC_000502,136645,SGD,USD,2025-09-13T18:38:47.483279+00:00Z,poc-tx
TX-002752,ACC_000819,ACC_000622,10933,SGD,SGD,2025-09-14T16:44:33.483311+00:00Z,poc-tx
TX-002753,ACC_000540,ACC_000214,61593,SGD,USD,2025-09-10T02:01:25.483335+00:00Z,poc-tx
TX-002754,ACC_000268,ACC_000836,8623,SGD,SGD,2025-09-12T16:05:19.483350+00:00Z,poc-tx
TX-002755,ACC_000094,ACC_000335,114265,USD,USD,2025-09-12T02:15:13.483360+00:00Z,poc-tx
TX-002756,ACC_000128,ACC_000838,56225,IDR,IDR,2025-09-12T19:36:48.483371+00:00Z,poc-tx
TX-002757,ACC_000848,ACC_000584,8623,USD,USD,2025-09-15T17:16:05.483403+00:00Z,poc-tx
TX-002758,ACC_000195,ACC_000888,41008,USD,IDR,2025-09-12T18:37:23.483417+00:00Z,poc-tx
TX-002759,ACC_000154,ACC_000174,2896273,IDR,IDR,2025-09-15T09:19:08.483428+00:00Z,poc-tx
TX-002760,ACC_000567,ACC_000678,33767,SGD,IDR,2025-09-12T01:10:13.483464+00:00Z,poc-tx
TX-002761,ACC_000950,ACC_000891,124987,IDR,SGD,2025-09-09T13:33:55.483500+00:00Z,poc-tx
TX-002762,ACC_000293,ACC_000720,61468,SGD,SGD,2025-09-12T23:16:49.483516+00:00Z,poc-tx
TX-002763,ACC_000814,ACC_000900,54166,SGD,IDR,2025-09-16T10:52:03.483549+00:00Z,poc-tx
TX-002764,ACC_000220,ACC_000924,4263757,IDR,IDR,2025-09-13T03:23:06.483562+00:00Z,poc-tx
TX-002765,ACC_000326,ACC_000252,1741230,IDR,IDR,2025-09-12T19:27:30.483579+00:00Z,poc-tx
TX-002766,ACC_000252,ACC_000308,72015,SGD,SGD,2025-09-11T10:50:29.483594+00:00Z,poc-tx
TX-002767,ACC_000302,ACC_000652,2399766,IDR,IDR,2025-09-14T03:25:51.483610+00:00Z,poc-tx
TX-002768,ACC_000158,ACC_000834,89690,SGD,SGD,2025-09-11T22:24:47.483622+00:00Z,poc-tx
TX-002769,ACC_000057,ACC_000285,9143,SGD,USD,2025-09-11T09:29:57.483631+00:00Z,poc-tx
TX-002770,ACC_000121,ACC_000814,645450,IDR,IDR,2025-09-11T00:23:23.483642+00:00Z,poc-tx
TX-002771,ACC_000737,ACC_000010,32060,SGD,SGD,2025-09-09T13:41:17.483671+00:00Z,poc-tx
TX-002772,ACC_000432,ACC_000782,4734270,IDR,IDR,2025-09-09T18:13:36.483691+00:00Z,poc-tx
TX-002773,ACC_000289,ACC_000205,92478,USD,USD,2025-09-14T22:33:28.483707+00:00Z,poc-tx
TX-002774,ACC_000257,ACC_000110,2283808,IDR,IDR,2025-09-16T00:07:30.483721+00:00Z,poc-tx
TX-002775,ACC_000629,ACC_000855,96910,USD,IDR,2025-09-09T22:26:06.483748+00:00Z,poc-tx
TX-002776,ACC_000102,ACC_000957,194472,USD,USD,2025-09-11T11:02:03.483758+00:00Z,poc-tx
TX-002777,ACC_000295,ACC_000149,3628958,IDR,IDR,2025-09-10T15:24:10.483774+00:00Z,poc-tx
TX-002778,ACC_000259,ACC_000232,3424242,IDR,SGD,2025-09-10T22:48:07.483789+00:00Z,poc-tx
TX-002779,ACC_000827,ACC_000831,2571428,IDR,IDR,2025-09-12T19:38:51.483821+00:00Z,poc-tx
TX-002780,ACC_000972,ACC_000136,268742,IDR,IDR,2025-09-09T18:00:43.483858+00:00Z,poc-tx
TX-002781,ACC_000091,ACC_000444,2541011,IDR,IDR,2025-09-10T16:09:52.483868+00:00Z,poc-tx
TX-002782,ACC_000573,ACC_000456,114291,USD,USD,2025-09-10T17:56:57.483892+00:00Z,poc-tx
TX-002783,ACC_000267,ACC_000682,195778,USD,USD,2025-09-12T09:32:46.483907+00:00Z,poc-tx
TX-002784,ACC_000856,ACC_000222,29615,USD,SGD,2025-09-10T20:45:05.483940+00:00Z,poc-tx
TX-002785,ACC_000629,ACC_000492,148958,USD,USD,2025-09-09T14:53:27.483977+00:00Z,poc-tx
TX-002786,ACC_000631,ACC_000611,12691,SGD,IDR,2025-09-13T01:39:18.484011+00:00Z,poc-tx
TX-002787,ACC_000062,ACC_000254,82693,SGD,USD,2025-09-14T17:29:43.484023+00:00Z,poc-tx
TX-002788,ACC_000904,ACC_000446,90813,USD,USD,2025-09-13T14:41:59.484057+00:00Z,poc-tx
TX-002789,ACC_000812,ACC_000417,2823424,IDR,SGD,2025-09-16T10:34:31.484090+00:00Z,poc-tx
TX-002790,ACC_000167,ACC_000571,61497,SGD,IDR,2025-09-13T01:01:07.484103+00:00Z,poc-tx
TX-002791,ACC_000832,ACC_000376,1887225,IDR,IDR,2025-09-15T15:25:54.484135+00:00Z,poc-tx
TX-002792,ACC_000884,ACC_000115,3850257,IDR,SGD,2025-09-12T16:13:23.484169+00:00Z,poc-tx
TX-002793,ACC_000799,ACC_000596,1122329,IDR,IDR,2025-09-09T14:09:42.484200+00:00Z,poc-tx
TX-002794,ACC_000682,ACC_000929,14095,SGD,SGD,2025-09-12T07:16:04.484228+00:00Z,poc-tx
TX-002795,ACC_000451,ACC_000017,54218,SGD,SGD,2025-09-11T10:13:13.484248+00:00Z,poc-tx
TX-002796,ACC_000314,ACC_000392,194191,USD,SGD,2025-09-11T04:55:18.484266+00:00Z,poc-tx
TX-002797,ACC_000189,ACC_000220,64362,USD,SGD,2025-09-12T23:04:10.484279+00:00Z,poc-tx
TX-002798,ACC_000226,ACC_000752,151168,USD,USD,2025-09-13T03:08:31.484293+00:00Z,poc-tx
TX-002799,ACC_000598,ACC_000232,4925720,IDR,IDR,2025-09-10T15:48:55.484318+00:00Z,poc-tx
TX-002800,ACC_000593,ACC_000013,75818,SGD,SGD,2025-09-10T18:51:16.484343+00:00Z,poc-tx
TX-002801,ACC_000762,ACC_000931,81185,SGD,IDR,2025-09-14T01:42:14.484374+00:00Z,poc-tx
TX-002802,ACC_000526,ACC_000776,126022,SGD,IDR,2025-09-15T08:15:35.484397+00:00Z,poc-tx
TX-002803,ACC_000440,ACC_000595,3726067,IDR,IDR,2025-09-11T05:26:31.484417+00:00Z,poc-tx
TX-002804,ACC_000720,ACC_000870,140163,USD,USD,2025-09-14T18:51:46.484446+00:00Z,poc-tx
TX-002805,ACC_000914,ACC_000575,111379,USD,SGD,2025-09-11T16:56:10.484481+00:00Z,poc-tx
TX-002806,ACC_000776,ACC_000256,3648486,IDR,SGD,2025-09-15T11:05:21.484512+00:00Z,poc-tx
TX-002807,ACC_000823,ACC_000938,28326,USD,SGD,2025-09-11T15:01:12.484544+00:00Z,poc-tx
TX-002808,ACC_000804,ACC_000265,98014,USD,USD,2025-09-09T17:47:47.484575+00:00Z,poc-tx
TX-002809,ACC_000963,ACC_000563,183683,USD,USD,2025-09-11T06:01:17.484611+00:00Z,poc-tx
TX-002810,ACC_000819,ACC_000467,15705,SGD,SGD,2025-09-10T23:48:46.484643+00:00Z,poc-tx
TX-002811,ACC_000179,ACC_000063,4836,USD,USD,2025-09-13T18:45:05.484655+00:00Z,poc-tx
TX-002812,ACC_000708,ACC_000877,90663,SGD,USD,2025-09-14T13:58:32.484684+00:00Z,poc-tx
TX-002813,ACC_000051,ACC_000023,63329,USD,SGD,2025-09-15T14:14:51.484693+00:00Z,poc-tx
TX-002814,ACC_000844,ACC_000779,56532,USD,USD,2025-09-12T22:20:13.484726+00:00Z,poc-tx
TX-002815,ACC_000869,ACC_000965,147926,SGD,SGD,2025-09-16T05:03:35.484759+00:00Z,poc-tx
TX-002816,ACC_000633,ACC_000033,683091,IDR,IDR,2025-09-14T23:00:45.484785+00:00Z,poc-tx
TX-002817,ACC_000311,ACC_000470,22631,SGD,SGD,2025-09-12T20:28:48.484801+00:00Z,poc-tx
TX-002818,ACC_000230,ACC_000055,133777,SGD,SGD,2025-09-11T11:21:16.484815+00:00Z,poc-tx
TX-002819,ACC_000968,ACC_000703,4042,USD,USD,2025-09-10T00:05:07.484852+00:00Z,poc-tx
TX-002820,ACC_000064,ACC_000575,30342,SGD,SGD,2025-09-15T19:51:30.484860+00:00Z,poc-tx
TX-002821,ACC_000030,ACC_000409,90413,SGD,SGD,2025-09-10T10:28:38.484868+00:00Z,poc-tx
TX-002822,ACC_000293,ACC_000403,135345,SGD,SGD,2025-09-12T10:50:37.484884+00:00Z,poc-tx
TX-002823,ACC_000350,ACC_000392,25926,SGD,SGD,2025-09-11T18:57:16.484902+00:00Z,poc-tx
TX-002824,ACC_000002,ACC_000967,139839,SGD,USD,2025-09-11T02:34:02.484909+00:00Z,poc-tx
TX-002825,ACC_000828,ACC_000380,105448,SGD,IDR,2025-09-15T02:45:06.484942+00:00Z,poc-tx
TX-002826,ACC_000843,ACC_000673,2551326,IDR,USD,2025-09-13T03:15:34.484975+00:00Z,poc-tx
TX-002827,ACC_000993,ACC_000469,135991,SGD,SGD,2025-09-16T00:09:18.485016+00:00Z,poc-tx
TX-002828,ACC_000364,ACC_000090,2609357,IDR,SGD,2025-09-10T04:36:15.485035+00:00Z,poc-tx
TX-002829,ACC_000520,ACC_000134,133277,SGD,USD,2025-09-15T20:11:23.485059+00:00Z,poc-tx
TX-002830,ACC_000774,ACC_000667,973603,IDR,IDR,2025-09-10T20:47:06.485090+00:00Z,poc-tx
TX-002831,ACC_000168,ACC_000335,96629,SGD,USD,2025-09-13T04:21:08.485103+00:00Z,poc-tx
TX-002832,ACC_000109,ACC_000441,51061,SGD,SGD,2025-09-11T15:24:39.485114+00:00Z,poc-tx
TX-002833,ACC_000359,ACC_000917,28503,SGD,SGD,2025-09-15T05:29:20.485136+00:00Z,poc-tx
TX-002834,ACC_000236,ACC_000178,488044,IDR,IDR,2025-09-11T23:42:33.485151+00:00Z,poc-tx
TX-002835,ACC_000142,ACC_000578,3148012,IDR,IDR,2025-09-10T05:18:30.485163+00:00Z,poc-tx
TX-002836,ACC_000401,ACC_000422,17594,SGD,SGD,2025-09-15T23:50:02.485184+00:00Z,poc-tx
TX-002837,ACC_000178,ACC_000199,112139,USD,SGD,2025-09-09T20:01:39.485197+00:00Z,poc-tx
TX-002838,ACC_000801,ACC_000717,3674606,IDR,IDR,2025-09-15T18:50:06.485228+00:00Z,poc-tx
TX-002839,ACC_000561,ACC_000724,173326,IDR,SGD,2025-09-12T18:48:11.485253+00:00Z,poc-tx
TX-002840,ACC_000504,ACC_000162,135434,SGD,IDR,2025-09-14T22:11:19.485276+00:00Z,poc-tx
TX-002841,ACC_000608,ACC_000092,70486,USD,SGD,2025-09-16T03:01:45.485301+00:00Z,poc-tx
TX-002842,ACC_000553,ACC_000396,123978,USD,USD,2025-09-10T11:59:41.485325+00:00Z,poc-tx
TX-002843,ACC_000469,ACC_000733,158315,USD,USD,2025-09-09T17:03:24.485346+00:00Z,poc-tx
TX-002844,ACC_000258,ACC_000816,21839,USD,IDR,2025-09-13T01:16:24.485361+00:00Z,poc-tx
TX-002845,ACC_000648,ACC_000048,107632,SGD,SGD,2025-09-09T22:45:49.485388+00:00Z,poc-tx
TX-002846,ACC_000762,ACC_000879,124039,SGD,SGD,2025-09-16T11:10:29.485418+00:00Z,poc-tx
TX-002847,ACC_000669,ACC_000258,83255,USD,USD,2025-09-09T16:43:58.485445+00:00Z,poc-tx
TX-002848,ACC_000332,ACC_000506,17564,SGD,SGD,2025-09-10T06:27:48.485462+00:00Z,poc-tx
TX-002849,ACC_000377,ACC_000233,50141,USD,USD,2025-09-13T18:21:41.485480+00:00Z,poc-tx
TX-002850,ACC_000075,ACC_000856,198343,USD,USD,2025-09-14T09:22:59.485490+00:00Z,poc-tx
TX-002851,ACC_000705,ACC_000791,166612,USD,USD,2025-09-13T14:12:14.485518+00:00Z,poc-tx
TX-002852,ACC_000788,ACC_000314,149571,USD,USD,2025-09-16T10:03:50.485557+00:00Z,poc-tx
TX-002853,ACC_000693,ACC_000684,67078,SGD,SGD,2025-09-09T15:54:54.485585+00:00Z,poc-tx
TX-002854,ACC_000534,ACC_000404,2708639,IDR,IDR,2025-09-11T11:32:24.485608+00:00Z,poc-tx
TX-002855,ACC_000958,ACC_000243,25057,SGD,USD,2025-09-16T02:34:17.485645+00:00Z,poc-tx
TX-002856,ACC_000329,ACC_000492,130397,SGD,USD,2025-09-09T20:19:52.485663+00:00Z,poc-tx
TX-002857,ACC_000143,ACC_000708,101798,USD,SGD,2025-09-10T19:16:22.485675+00:00Z,poc-tx
TX-002858,ACC_000808,ACC_000343,10534,USD,USD,2025-09-15T17:42:55.485708+00:00Z,poc-tx
TX-002859,ACC_000886,ACC_000659,9356,USD,USD,2025-09-13T23:03:01.485742+00:00Z,poc-tx
TX-002860,ACC_000882,ACC_000959,2956548,IDR,IDR,2025-09-12T06:46:40.485777+00:00Z,poc-tx
TX-002861,ACC_000462,ACC_000228,3111870,IDR,IDR,2025-09-12T23:40:03.485798+00:00Z,poc-tx
TX-002862,ACC_000422,ACC_000810,55816,USD,IDR,2025-09-13T17:19:02.485819+00:00Z,poc-tx
TX-002863,ACC_000307,ACC_000555,98510,SGD,SGD,2025-09-15T13:17:07.485836+00:00Z,poc-tx
TX-002864,ACC_000909,ACC_000317,4883208,IDR,IDR,2025-09-12T18:39:44.485871+00:00Z,poc-tx
TX-002865,ACC_000323,ACC_000239,3537446,IDR,IDR,2025-09-12T13:24:23.485888+00:00Z,poc-tx
TX-002866,ACC_000418,ACC_000603,2662,USD,SGD,2025-09-13T19:12:31.485909+00:00Z,poc-tx
TX-002867,ACC_000530,ACC_000985,3019900,IDR,SGD,2025-09-09T17:57:00.485933+00:00Z,poc-tx
TX-002868,ACC_000980,ACC_000444,2130179,IDR,SGD,2025-09-13T01:30:57.485985+00:00Z,poc-tx
TX-002869,ACC_000534,ACC_000903,4542682,IDR,SGD,2025-09-14T20:57:19.486016+00:00Z,poc-tx
TX-002870,ACC_000954,ACC_000849,4614692,IDR,IDR,2025-09-12T21:07:17.486054+00:00Z,poc-tx

TX-007198,ACC_000229,ACC_000254,3794017,IDR,SGD,2025-09-12T05:48:46.592313+00:00Z,poc-tx
TX-007199,ACC_000046,ACC_000019,25821,SGD,IDR,2025-09-13T15:09:27.592323+00:00Z,poc-tx
TX-007200,ACC_000211,ACC_000935,20951,USD,SGD,2025-09-10T00:52:14.592338+00:00Z,poc-tx
TX-007201,ACC_000722,ACC_000664,3690612,IDR,IDR,2025-09-13T08:51:50.592370+00:00Z,poc-tx
TX-007202,ACC_000994,ACC_000872,4956403,IDR,IDR,2025-09-14T16:49:51.592410+00:00Z,poc-tx
TX-007203,ACC_000140,ACC_000841,120476,USD,IDR,2025-09-14T23:08:39.592423+00:00Z,poc-tx
TX-007204,ACC_000797,ACC_000407,1785115,IDR,USD,2025-09-14T17:26:46.592458+00:00Z,poc-tx
TX-007205,ACC_000440,ACC_000154,3312926,IDR,IDR,2025-09-10T03:41:41.592480+00:00Z,poc-tx
TX-007206,ACC_000402,ACC_000196,189553,USD,USD,2025-09-11T05:07:12.592501+00:00Z,poc-tx
TX-007207,ACC_000482,ACC_000729,56550,SGD,SGD,2025-09-15T00:54:41.592525+00:00Z,poc-tx
TX-007208,ACC_000064,ACC_000781,78556,SGD,USD,2025-09-13T17:14:38.592535+00:00Z,poc-tx
TX-007209,ACC_000321,ACC_000440,3630998,IDR,IDR,2025-09-14T17:23:18.592554+00:00Z,poc-tx
TX-007210,ACC_000090,ACC_000340,162242,IDR,IDR,2025-09-13T19:00:43.592564+00:00Z,poc-tx
TX-007211,ACC_000724,ACC_000548,71387,USD,USD,2025-09-10T11:49:38.592596+00:00Z,poc-tx
TX-007212,ACC_000878,ACC_000325,451678,IDR,IDR,2025-09-15T13:03:12.592633+00:00Z,poc-tx
TX-007213,ACC_000675,ACC_000207,91991,USD,USD,2025-09-11T22:59:13.592663+00:00Z,poc-tx
TX-007214,ACC_000501,ACC_000135,2246,SGD,IDR,2025-09-13T06:42:52.592688+00:00Z,poc-tx
TX-007215,ACC_000082,ACC_000919,64469,USD,USD,2025-09-11T15:47:24.592699+00:00Z,poc-tx
TX-007216,ACC_000159,ACC_000784,120289,SGD,SGD,2025-09-11T01:30:43.592712+00:00Z,poc-tx
TX-007217,ACC_000803,ACC_000534,118894,USD,USD,2025-09-14T01:43:25.592746+00:00Z,poc-tx
TX-007218,ACC_000365,ACC_000799,33003,USD,USD,2025-09-12T05:48:16.592766+00:00Z,poc-tx
TX-007219,ACC_000423,ACC_000677,121227,SGD,SGD,2025-09-16T00:06:00.592788+00:00Z,poc-tx
TX-007220,ACC_000520,ACC_000155,137309,SGD,SGD,2025-09-14T04:01:53.592813+00:00Z,poc-tx
TX-007221,ACC_000545,ACC_000814,4995197,IDR,IDR,2025-09-11T18:48:30.592838+00:00Z,poc-tx
TX-007222,ACC_000192,ACC_000813,1053584,IDR,IDR,2025-09-13T18:37:51.592853+00:00Z,poc-tx
TX-007223,ACC_000438,ACC_000360,3403475,IDR,USD,2025-09-13T04:34:08.592875+00:00Z,poc-tx
TX-007224,ACC_000497,ACC_000473,48387,USD,USD,2025-09-11T20:44:26.592900+00:00Z,poc-tx
TX-007225,ACC_000166,ACC_000213,125164,USD,USD,2025-09-14T17:16:25.592913+00:00Z,poc-tx
TX-007226,ACC_000551,ACC_000612,3709050,IDR,IDR,2025-09-11T15:33:57.592939+00:00Z,poc-tx
TX-007227,ACC_000265,ACC_000461,31206,USD,IDR,2025-09-12T05:17:48.592957+00:00Z,poc-tx
TX-007228,ACC_000858,ACC_000792,2802665,IDR,IDR,2025-09-13T00:58:42.592993+00:00Z,poc-tx
TX-007229,ACC_000021,ACC_000842,4771580,IDR,IDR,2025-09-14T05:07:11.593001+00:00Z,poc-tx
TX-007230,ACC_000817,ACC_000386,114673,SGD,SGD,2025-09-10T09:19:23.593036+00:00Z,poc-tx
TX-007231,ACC_000612,ACC_000915,136576,SGD,SGD,2025-09-12T03:17:14.593074+00:00Z,poc-tx
TX-007232,ACC_000996,ACC_000931,249024,IDR,SGD,2025-09-12T04:04:28.593123+00:00Z,poc-tx
TX-007233,ACC_000783,ACC_000598,198872,USD,USD,2025-09-11T17:34:58.593158+00:00Z,poc-tx
TX-007234,ACC_000736,ACC_000944,2460952,IDR,IDR,2025-09-11T20:09:21.593190+00:00Z,poc-tx
TX-007235,ACC_000664,ACC_000956,5862,USD,IDR,2025-09-14T21:27:32.593221+00:00Z,poc-tx
TX-007236,ACC_000574,ACC_000809,1607987,IDR,IDR,2025-09-10T15:14:23.593248+00:00Z,poc-tx
TX-007237,ACC_000632,ACC_000569,143713,USD,USD,2025-09-14T17:18:10.593277+00:00Z,poc-tx
TX-007238,ACC_000810,ACC_000123,29797,USD,SGD,2025-09-09T17:10:42.593312+00:00Z,poc-tx
TX-007239,ACC_000183,ACC_000218,2699170,IDR,IDR,2025-09-16T03:05:02.593326+00:00Z,poc-tx
TX-007240,ACC_000922,ACC_000727,55323,SGD,IDR,2025-09-09T19:22:51.593366+00:00Z,poc-tx
TX-007241,ACC_000572,ACC_000458,3893345,IDR,IDR,2025-09-14T10:50:12.593393+00:00Z,poc-tx
TX-007242,ACC_000127,ACC_000629,110077,SGD,SGD,2025-09-11T08:43:17.593405+00:00Z,poc-tx
TX-007243,ACC_000268,ACC_000397,8807,SGD,SGD,2025-09-12T01:34:43.593422+00:00Z,poc-tx
TX-007244,ACC_000567,ACC_000611,37183,SGD,SGD,2025-09-14T16:39:43.593448+00:00Z,poc-tx
TX-007245,ACC_000559,ACC_000275,1859018,IDR,USD,2025-09-10T08:18:55.593475+00:00Z,poc-tx
TX-007246,ACC_000827,ACC_000825,2299096,IDR,SGD,2025-09-15T04:05:15.593511+00:00Z,poc-tx
TX-007247,ACC_000382,ACC_000709,1831595,IDR,USD,2025-09-10T12:17:34.593532+00:00Z,poc-tx
TX-007248,ACC_000002,ACC_000665,129479,SGD,SGD,2025-09-15T12:05:41.593540+00:00Z,poc-tx
TX-007249,ACC_000883,ACC_000226,34291,SGD,SGD,2025-09-12T21:59:29.593577+00:00Z,poc-tx
TX-007250,ACC_000737,ACC_000366,35952,SGD,SGD,2025-09-12T17:13:50.593609+00:00Z,poc-tx
 
